attendance_id,employee_id,date,check_in,check_out,hours_worked,status
1,100,2024-06-03,10:38,18:42,7.9,Present
2,100,2024-06-04,,,,Absent
3,100,2024-06-05,09:10,,,Half Day
4,100,2024-06-06,09:08,17:57,6.2,Present
5,100,2024-06-07,09:05,17:53,4.8,Present
6,100,2024-06-10,10:36,17:41,6.3,Present
7,85,2024-06-03,08:47,17:22,6.3,Present
8,85,2024-06-04,08:35,16:02,4.1,Present
9,85,2024-06-05,10:59,17:16,6.0,Present
10,85,2024-06-06,,,,Absent
11,85,2024-06-07,08:34,18:16,7.3,Present
12,85,2024-06-10,10:51,19:57,4.9,Present
13,83,2024-06-03,08:06,18:03,6.6,Present
14,83,2024-06-04,09:27,19:53,4.3,Present
15,83,2024-06-05,08:47,,,Half Day
16,83,2024-06-06,10:28,16:13,5.6,Present
17,83,2024-06-07,09:17,17:47,7.3,Present
18,83,2024-06-10,09:36,18:51,6.7,Present
19,171,2024-06-03,09:39,,,Half Day
20,171,2024-06-04,10:45,19:18,8.8,Present
21,171,2024-06-05,,,,On Leave
22,171,2024-06-06,09:04,17:05,4.7,Present
23,171,2024-06-07,09:02,18:38,8.5,Present
24,171,2024-06-10,09:02,19:09,6.3,Present
25,114,2024-06-03,08:25,18:45,8.8,Present
26,114,2024-06-04,08:07,17:54,8.8,Present
27,114,2024-06-05,10:30,16:45,5.6,Present
28,114,2024-06-06,09:10,18:31,7.7,Present
29,114,2024-06-07,10:31,,,Half Day
30,114,2024-06-10,,,,On Leave
31,173,2024-06-03,08:36,19:16,6.1,Present
32,173,2024-06-04,10:39,18:32,5.2,Present
33,173,2024-06-05,,,,Absent
34,173,2024-06-06,10:22,19:46,4.2,Present
35,173,2024-06-07,09:32,18:35,8.6,Present
36,173,2024-06-10,09:33,18:14,7.7,Present
37,14,2024-06-03,09:49,18:51,5.1,Present
38,14,2024-06-04,08:41,19:59,4.4,Present
39,14,2024-06-05,10:13,17:24,7.7,Present
40,14,2024-06-06,10:59,19:07,7.2,Present
41,14,2024-06-07,10:50,18:08,8.3,Present
42,14,2024-06-10,,,,Absent
43,95,2024-06-03,09:34,17:28,7.7,Present
44,95,2024-06-04,08:28,16:29,4.4,Present
45,95,2024-06-05,10:56,16:29,5.4,Present
46,95,2024-06-06,08:44,17:02,5.3,Present
47,95,2024-06-07,09:20,19:20,6.2,Present
48,95,2024-06-10,09:47,17:25,5.0,Present
49,94,2024-06-03,10:48,16:13,8.6,Present
50,94,2024-06-04,10:51,17:56,4.9,Present
51,94,2024-06-05,09:48,,,Half Day
52,94,2024-06-06,08:14,19:38,7.7,Present
53,94,2024-06-07,,,,On Leave
54,94,2024-06-10,08:57,16:19,7.2,Present
55,230,2024-06-03,10:47,17:31,7.6,Present
56,230,2024-06-04,08:11,,,Half Day
57,230,2024-06-05,09:49,19:53,7.5,Present
58,230,2024-06-06,,,,Absent
59,230,2024-06-07,10:31,19:45,7.7,Present
60,230,2024-06-10,08:11,17:37,8.2,Present
61,229,2024-06-03,10:09,16:04,5.2,Present
62,229,2024-06-04,10:18,18:56,6.4,Present
63,229,2024-06-05,08:42,18:03,8.6,Present
64,229,2024-06-06,10:18,,,Half Day
65,229,2024-06-07,08:59,16:14,7.0,Present
66,229,2024-06-10,08:55,19:37,6.1,Present
67,134,2024-06-03,08:34,17:49,6.2,Present
68,134,2024-06-04,08:35,16:44,4.1,Present
69,134,2024-06-05,08:35,17:53,5.2,Present
70,134,2024-06-06,09:47,17:44,6.0,Present
71,134,2024-06-07,08:18,19:43,6.1,Present
72,134,2024-06-10,09:56,19:05,8.5,Present
73,203,2024-06-03,10:06,16:41,4.4,Present
74,203,2024-06-04,10:38,18:42,8.5,Present
75,203,2024-06-05,10:11,17:59,5.2,Present
76,203,2024-06-06,09:47,18:45,7.4,Present
77,203,2024-06-07,,,,On Leave
78,203,2024-06-10,10:09,16:04,8.5,Present
79,4,2024-06-03,10:35,16:58,4.0,Present
80,4,2024-06-04,08:46,17:41,8.5,Present
81,4,2024-06-05,,,,Absent
82,4,2024-06-06,09:19,,,Half Day
83,4,2024-06-07,,,,On Leave
84,4,2024-06-10,08:51,16:05,7.1,Present
85,99,2024-06-03,09:07,16:32,8.7,Present
86,99,2024-06-04,09:16,17:21,5.2,Present
87,99,2024-06-05,09:38,18:05,8.0,Present
88,99,2024-06-06,10:16,19:47,6.5,Present
89,99,2024-06-07,10:08,17:05,4.3,Present
90,99,2024-06-10,09:58,16:38,8.3,Present
91,118,2024-06-03,10:15,19:49,6.9,Present
92,118,2024-06-04,,,,Absent
93,118,2024-06-05,08:19,,,Half Day
94,118,2024-06-06,08:42,,,Half Day
95,118,2024-06-07,08:54,18:09,5.7,Present
96,118,2024-06-10,10:24,17:06,4.3,Present
97,266,2024-06-03,08:27,18:18,8.5,Present
98,266,2024-06-04,09:50,,,Half Day
99,266,2024-06-05,09:53,19:05,7.4,Present
100,266,2024-06-06,10:34,,,Half Day
101,266,2024-06-07,08:36,19:08,7.6,Present
102,266,2024-06-10,08:49,19:23,8.0,Present
103,131,2024-06-03,08:03,16:44,8.8,Present
104,131,2024-06-04,08:46,16:33,7.6,Present
105,131,2024-06-05,10:40,17:13,4.2,Present
106,131,2024-06-06,08:30,19:35,4.8,Present
107,131,2024-06-07,,,,Absent
108,131,2024-06-10,09:56,,,Half Day
109,252,2024-06-03,10:32,16:02,5.5,Present
110,252,2024-06-04,08:52,,,Half Day
111,252,2024-06-05,09:36,16:23,8.2,Present
112,252,2024-06-06,10:41,18:42,9.0,Present
113,252,2024-06-07,08:58,18:08,8.0,Present
114,252,2024-06-10,09:13,16:56,6.6,Present
115,57,2024-06-03,10:52,19:21,8.6,Present
116,57,2024-06-04,08:10,18:18,4.6,Present
117,57,2024-06-05,08:20,16:55,4.9,Present
118,57,2024-06-06,08:13,,,Half Day
119,57,2024-06-07,09:00,16:09,5.2,Present
120,57,2024-06-10,10:08,17:21,8.0,Present
121,113,2024-06-03,09:11,,,Half Day
122,113,2024-06-04,10:05,18:30,8.5,Present
123,113,2024-06-05,10:12,,,Half Day
124,113,2024-06-06,09:54,16:16,4.5,Present
125,113,2024-06-07,08:21,18:14,8.0,Present
126,113,2024-06-10,08:45,17:53,5.5,Present
127,245,2024-06-03,09:28,18:41,6.1,Present
128,245,2024-06-04,08:12,17:03,5.4,Present
129,245,2024-06-05,08:42,18:35,7.9,Present
130,245,2024-06-06,09:42,18:15,5.7,Present
131,245,2024-06-07,09:08,,,Half Day
132,245,2024-06-10,09:53,16:46,7.7,Present
133,5,2024-06-03,,,,Absent
134,5,2024-06-04,08:36,18:49,5.2,Present
135,5,2024-06-05,08:13,,,Half Day
136,5,2024-06-06,10:55,17:44,6.7,Present
137,5,2024-06-07,09:21,19:49,6.8,Present
138,5,2024-06-10,08:54,,,Half Day
139,174,2024-06-03,08:00,16:23,4.9,Present
140,174,2024-06-04,09:52,17:28,7.0,Present
141,174,2024-06-05,08:49,18:25,5.6,Present
142,174,2024-06-06,10:23,16:16,6.2,Present
143,174,2024-06-07,08:07,18:02,7.6,Present
144,174,2024-06-10,10:59,17:17,4.1,Present
145,271,2024-06-03,09:50,16:51,7.4,Present
146,271,2024-06-04,08:06,16:35,7.6,Present
147,271,2024-06-05,08:54,19:51,5.2,Present
148,271,2024-06-06,,,,Absent
149,271,2024-06-07,09:12,17:06,5.8,Present
150,271,2024-06-10,08:54,19:55,8.6,Present
151,253,2024-06-03,09:20,17:52,8.9,Present
152,253,2024-06-04,,,,Absent
153,253,2024-06-05,08:59,17:16,9.0,Present
154,253,2024-06-06,10:42,,,Half Day
155,253,2024-06-07,08:20,17:31,8.2,Present
156,253,2024-06-10,10:05,17:21,4.2,Present
157,282,2024-06-03,08:35,19:47,5.3,Present
158,282,2024-06-04,,,,On Leave
159,282,2024-06-05,09:23,19:45,6.6,Present
160,282,2024-06-06,08:58,17:22,4.4,Present
161,282,2024-06-07,10:02,17:51,6.2,Present
162,282,2024-06-10,10:19,17:55,6.7,Present
163,172,2024-06-03,08:24,17:57,7.5,Present
164,172,2024-06-04,09:29,,,Half Day
165,172,2024-06-05,08:31,19:39,7.9,Present
166,172,2024-06-06,,,,Absent
167,172,2024-06-07,10:42,,,Half Day
168,172,2024-06-10,08:00,,,Half Day
169,72,2024-06-03,08:53,18:47,7.2,Present
170,72,2024-06-04,09:52,18:55,7.6,Present
171,72,2024-06-05,08:00,18:14,5.3,Present
172,72,2024-06-06,08:23,17:44,5.9,Present
173,72,2024-06-07,09:14,17:43,6.5,Present
174,72,2024-06-10,,,,On Leave
175,84,2024-06-03,09:40,16:09,7.0,Present
176,84,2024-06-04,08:03,16:50,7.4,Present
177,84,2024-06-05,10:05,16:07,7.2,Present
178,84,2024-06-06,09:23,19:34,8.0,Present
179,84,2024-06-07,09:58,17:16,6.5,Present
180,84,2024-06-10,09:14,16:21,5.1,Present
181,292,2024-06-03,10:57,,,Half Day
182,292,2024-06-04,09:57,18:01,8.0,Present
183,292,2024-06-05,08:35,17:33,7.2,Present
184,292,2024-06-06,09:05,17:29,7.3,Present
185,292,2024-06-07,09:43,16:31,5.1,Present
186,292,2024-06-10,,,,Absent
187,43,2024-06-03,09:07,18:24,5.1,Present
188,43,2024-06-04,08:34,18:27,8.1,Present
189,43,2024-06-05,,,,Absent
190,43,2024-06-06,10:45,19:11,4.3,Present
191,43,2024-06-07,,,,On Leave
192,43,2024-06-10,10:14,17:48,4.6,Present
193,298,2024-06-03,10:16,17:56,8.4,Present
194,298,2024-06-04,10:18,16:10,5.9,Present
195,298,2024-06-05,09:39,17:16,5.8,Present
196,298,2024-06-06,08:15,,,Half Day
197,298,2024-06-07,08:07,16:32,4.5,Present
198,298,2024-06-10,09:46,16:52,5.6,Present
199,24,2024-06-03,08:16,17:42,6.6,Present
200,24,2024-06-04,09:14,19:40,7.9,Present
201,24,2024-06-05,10:02,18:42,5.4,Present
202,24,2024-06-06,,,,On Leave
203,24,2024-06-07,10:49,16:46,5.0,Present
204,24,2024-06-10,09:48,,,Half Day
205,18,2024-06-03,08:56,16:46,5.4,Present
206,18,2024-06-04,08:13,18:16,6.2,Present
207,18,2024-06-05,08:30,16:10,8.3,Present
208,18,2024-06-06,09:48,19:12,5.5,Present
209,18,2024-06-07,09:07,18:29,8.9,Present
210,18,2024-06-10,10:03,19:58,5.3,Present
211,157,2024-06-03,10:41,17:39,8.2,Present
212,157,2024-06-04,08:34,18:44,4.5,Present
213,157,2024-06-05,10:00,17:49,8.9,Present
214,157,2024-06-06,10:28,18:23,6.1,Present
215,157,2024-06-07,10:41,,,Half Day
216,157,2024-06-10,08:23,16:31,6.1,Present
217,7,2024-06-03,08:30,17:26,5.4,Present
218,7,2024-06-04,09:48,17:31,4.6,Present
219,7,2024-06-05,09:15,16:31,4.3,Present
220,7,2024-06-06,10:21,,,Half Day
221,7,2024-06-07,08:16,17:49,7.8,Present
222,7,2024-06-10,09:13,17:15,4.3,Present
223,77,2024-06-03,09:44,18:31,5.4,Present
224,77,2024-06-04,09:38,17:25,6.0,Present
225,77,2024-06-05,08:06,19:01,6.6,Present
226,77,2024-06-06,08:58,19:51,5.4,Present
227,77,2024-06-07,08:48,17:17,8.5,Present
228,77,2024-06-10,10:25,18:30,8.0,Present
229,110,2024-06-03,08:23,17:39,7.6,Present
230,110,2024-06-04,09:10,,,Half Day
231,110,2024-06-05,,,,Absent
232,110,2024-06-06,09:09,19:08,8.2,Present
233,110,2024-06-07,08:33,17:59,6.0,Present
234,110,2024-06-10,08:13,19:04,6.9,Present
235,144,2024-06-03,09:14,17:50,4.7,Present
236,144,2024-06-04,10:29,19:22,6.9,Present
237,144,2024-06-05,,,,Absent
238,144,2024-06-06,09:30,17:01,7.8,Present
239,144,2024-06-07,08:28,19:37,7.9,Present
240,144,2024-06-10,08:44,19:08,6.3,Present
241,69,2024-06-03,09:15,19:42,8.5,Present
242,69,2024-06-04,08:02,16:29,6.9,Present
243,69,2024-06-05,08:13,,,Half Day
244,69,2024-06-06,10:49,16:30,6.5,Present
245,69,2024-06-07,10:40,18:55,6.1,Present
246,69,2024-06-10,08:06,19:35,8.5,Present
247,25,2024-06-03,09:09,19:41,8.8,Present
248,25,2024-06-04,09:28,17:21,7.7,Present
249,25,2024-06-05,08:22,19:13,5.5,Present
250,25,2024-06-06,09:33,18:51,9.0,Present
251,25,2024-06-07,09:28,18:29,7.8,Present
252,25,2024-06-10,10:10,17:54,7.2,Present
253,97,2024-06-03,10:06,19:54,6.1,Present
254,97,2024-06-04,10:44,16:34,6.2,Present
255,97,2024-06-05,08:36,,,Half Day
256,97,2024-06-06,09:14,19:46,7.7,Present
257,97,2024-06-07,09:14,19:24,5.2,Present
258,97,2024-06-10,09:15,19:00,4.1,Present
259,116,2024-06-03,,,,Absent
260,116,2024-06-04,08:16,16:41,6.8,Present
261,116,2024-06-05,08:32,17:49,6.5,Present
262,116,2024-06-06,08:29,18:58,4.7,Present
263,116,2024-06-07,08:00,19:38,4.1,Present
264,116,2024-06-10,10:58,19:07,8.6,Present
265,246,2024-06-03,09:45,16:26,6.1,Present
266,246,2024-06-04,08:35,16:08,8.5,Present
267,246,2024-06-05,08:10,17:43,5.5,Present
268,246,2024-06-06,,,,Absent
269,246,2024-06-07,10:26,18:05,6.4,Present
270,246,2024-06-10,,,,Absent
271,164,2024-06-03,09:26,17:54,6.0,Present
272,164,2024-06-04,,,,On Leave
273,164,2024-06-05,,,,Absent
274,164,2024-06-06,08:34,17:12,7.8,Present
275,164,2024-06-07,10:46,18:01,7.1,Present
276,164,2024-06-10,08:49,19:56,7.0,Present
277,54,2024-06-03,09:36,18:28,6.2,Present
278,54,2024-06-04,08:28,,,Half Day
279,54,2024-06-05,09:36,18:03,7.4,Present
280,54,2024-06-06,09:01,18:19,6.3,Present
281,54,2024-06-07,10:08,19:17,8.2,Present
282,54,2024-06-10,09:51,17:37,8.8,Present
283,142,2024-06-03,10:52,18:57,6.4,Present
284,142,2024-06-04,08:44,19:26,6.7,Present
285,142,2024-06-05,10:07,16:01,8.6,Present
286,142,2024-06-06,10:30,,,Half Day
287,142,2024-06-07,09:42,16:03,4.9,Present
288,142,2024-06-10,10:58,17:44,7.5,Present
289,78,2024-06-03,08:13,17:08,5.2,Present
290,78,2024-06-04,08:01,18:06,4.8,Present
291,78,2024-06-05,09:41,19:11,7.2,Present
292,78,2024-06-06,10:56,16:10,5.8,Present
293,78,2024-06-07,,,,On Leave
294,78,2024-06-10,08:36,18:06,4.4,Present
295,96,2024-06-03,09:21,18:22,4.8,Present
296,96,2024-06-04,08:28,19:20,6.1,Present
297,96,2024-06-05,08:26,18:54,7.0,Present
298,96,2024-06-06,10:41,17:26,4.7,Present
299,96,2024-06-07,09:23,,,Half Day
300,96,2024-06-10,09:09,16:46,7.3,Present
301,236,2024-06-03,08:18,17:54,4.1,Present
302,236,2024-06-04,08:51,17:32,6.5,Present
303,236,2024-06-05,10:36,18:28,4.2,Present
304,236,2024-06-06,08:26,16:35,6.8,Present
305,236,2024-06-07,09:04,16:16,5.5,Present
306,236,2024-06-10,08:42,16:14,7.3,Present
307,197,2024-06-03,10:39,16:56,8.8,Present
308,197,2024-06-04,10:29,18:34,8.6,Present
309,197,2024-06-05,08:09,19:50,8.2,Present
310,197,2024-06-06,08:21,17:42,6.7,Present
311,197,2024-06-07,08:46,18:13,7.7,Present
312,197,2024-06-10,08:53,19:41,8.8,Present
313,216,2024-06-03,10:57,19:46,7.8,Present
314,216,2024-06-04,08:32,16:55,4.2,Present
315,216,2024-06-05,09:42,,,Half Day
316,216,2024-06-06,,,,On Leave
317,216,2024-06-07,10:58,19:46,7.4,Present
318,216,2024-06-10,09:40,,,Half Day
319,254,2024-06-03,08:52,18:49,4.7,Present
320,254,2024-06-04,08:59,16:02,8.5,Present
321,254,2024-06-05,10:35,19:23,6.7,Present
322,254,2024-06-06,10:12,17:16,6.8,Present
323,254,2024-06-07,10:14,18:54,4.8,Present
324,254,2024-06-10,09:28,18:25,6.3,Present
325,92,2024-06-03,09:14,,,Half Day
326,92,2024-06-04,09:05,18:06,5.7,Present
327,92,2024-06-05,09:59,17:55,4.4,Present
328,92,2024-06-06,08:07,19:36,8.8,Present
329,92,2024-06-07,09:51,19:07,6.3,Present
330,92,2024-06-10,09:40,17:45,4.2,Present
331,214,2024-06-03,09:33,18:07,8.3,Present
332,214,2024-06-04,08:17,16:25,6.8,Present
333,214,2024-06-05,09:16,,,Half Day
334,214,2024-06-06,08:24,17:45,7.5,Present
335,214,2024-06-07,10:59,,,Half Day
336,214,2024-06-10,09:59,16:58,9.0,Present
337,9,2024-06-03,10:08,,,Half Day
338,9,2024-06-04,10:12,16:37,4.8,Present
339,9,2024-06-05,08:13,19:01,5.3,Present
340,9,2024-06-06,10:02,17:41,9.0,Present
341,9,2024-06-07,08:31,17:39,5.5,Present
342,9,2024-06-10,08:32,19:12,7.9,Present
343,204,2024-06-03,08:36,18:52,4.6,Present
344,204,2024-06-04,10:09,18:21,6.7,Present
345,204,2024-06-05,10:15,16:24,8.5,Present
346,204,2024-06-06,08:30,19:12,8.8,Present
347,204,2024-06-07,10:59,19:52,6.1,Present
348,204,2024-06-10,10:25,,,Half Day
349,294,2024-06-03,,,,On Leave
350,294,2024-06-04,08:33,16:59,6.0,Present
351,294,2024-06-05,,,,Absent
352,294,2024-06-06,09:50,17:56,4.6,Present
353,294,2024-06-07,10:48,18:13,4.4,Present
354,294,2024-06-10,09:24,,,Half Day
355,33,2024-06-03,,,,Absent
356,33,2024-06-04,10:43,18:39,6.2,Present
357,33,2024-06-05,09:04,16:53,4.7,Present
358,33,2024-06-06,10:43,16:00,5.4,Present
359,33,2024-06-07,10:40,,,Half Day
360,33,2024-06-10,10:11,18:28,7.1,Present
361,259,2024-06-03,09:18,18:02,8.0,Present
362,259,2024-06-04,09:34,18:38,6.6,Present
363,259,2024-06-05,,,,Absent
364,259,2024-06-06,10:49,,,Half Day
365,259,2024-06-07,08:24,16:19,5.2,Present
366,259,2024-06-10,09:32,18:39,7.2,Present
367,81,2024-06-03,09:49,18:54,4.0,Present
368,81,2024-06-04,09:37,16:36,7.2,Present
369,81,2024-06-05,08:22,17:06,8.9,Present
370,81,2024-06-06,10:01,17:58,4.0,Present
371,81,2024-06-07,09:31,17:03,6.7,Present
372,81,2024-06-10,08:21,,,Half Day
373,170,2024-06-03,08:37,17:13,5.0,Present
374,170,2024-06-04,09:28,16:22,4.7,Present
375,170,2024-06-05,08:22,17:34,5.5,Present
376,170,2024-06-06,08:59,19:37,7.2,Present
377,170,2024-06-07,08:23,17:58,5.2,Present
378,170,2024-06-10,10:48,18:49,7.2,Present
379,187,2024-06-03,,,,On Leave
380,187,2024-06-04,08:27,17:31,5.4,Present
381,187,2024-06-05,08:42,16:05,7.7,Present
382,187,2024-06-06,09:19,18:19,7.2,Present
383,187,2024-06-07,09:00,17:43,5.5,Present
384,187,2024-06-10,08:01,16:24,8.2,Present
385,106,2024-06-03,08:31,16:15,8.5,Present
386,106,2024-06-04,10:54,19:14,4.1,Present
387,106,2024-06-05,10:21,16:45,5.5,Present
388,106,2024-06-06,09:00,,,Half Day
389,106,2024-06-07,09:11,16:19,4.2,Present
390,106,2024-06-10,10:50,18:00,5.4,Present
391,62,2024-06-03,08:10,,,Half Day
392,62,2024-06-04,10:21,19:45,9.0,Present
393,62,2024-06-05,08:57,,,Half Day
394,62,2024-06-06,09:12,19:04,5.4,Present
395,62,2024-06-07,08:05,17:38,4.1,Present
396,62,2024-06-10,08:33,19:34,8.4,Present
397,140,2024-06-03,09:22,19:18,6.0,Present
398,140,2024-06-04,10:49,17:24,5.2,Present
399,140,2024-06-05,08:02,18:33,7.7,Present
400,140,2024-06-06,09:12,16:56,6.9,Present
401,140,2024-06-07,10:00,19:52,4.2,Present
402,140,2024-06-10,09:07,19:56,8.8,Present
403,51,2024-06-03,10:10,19:44,8.1,Present
404,51,2024-06-04,08:17,,,Half Day
405,51,2024-06-05,09:34,17:05,5.5,Present
406,51,2024-06-06,09:17,17:21,7.9,Present
407,51,2024-06-07,10:46,17:15,4.7,Present
408,51,2024-06-10,08:39,19:53,6.9,Present
409,104,2024-06-03,10:19,,,Half Day
410,104,2024-06-04,,,,On Leave
411,104,2024-06-05,10:52,19:13,8.7,Present
412,104,2024-06-06,08:16,17:38,4.8,Present
413,104,2024-06-07,08:08,18:00,8.6,Present
414,104,2024-06-10,09:43,18:25,4.1,Present
415,258,2024-06-03,08:58,19:16,8.6,Present
416,258,2024-06-04,09:46,19:39,5.8,Present
417,258,2024-06-05,09:05,19:47,6.9,Present
418,258,2024-06-06,08:40,16:09,7.8,Present
419,258,2024-06-07,08:11,18:55,6.0,Present
420,258,2024-06-10,09:17,19:27,4.2,Present
421,107,2024-06-03,08:19,17:17,4.5,Present
422,107,2024-06-04,10:26,18:24,4.8,Present
423,107,2024-06-05,09:03,18:25,5.5,Present
424,107,2024-06-06,10:01,19:10,5.5,Present
425,107,2024-06-07,09:44,,,Half Day
426,107,2024-06-10,09:49,17:04,8.2,Present
427,145,2024-06-03,09:48,17:29,5.4,Present
428,145,2024-06-04,10:38,17:31,6.4,Present
429,145,2024-06-05,08:19,17:57,5.3,Present
430,145,2024-06-06,09:50,16:11,8.2,Present
431,145,2024-06-07,10:26,16:08,7.8,Present
432,145,2024-06-10,09:06,17:17,8.2,Present
433,272,2024-06-03,10:29,19:38,6.8,Present
434,272,2024-06-04,,,,Absent
435,272,2024-06-05,10:04,18:44,8.3,Present
436,272,2024-06-06,10:07,17:54,6.3,Present
437,272,2024-06-07,08:46,16:18,8.6,Present
438,272,2024-06-10,09:53,17:09,5.6,Present
439,255,2024-06-03,09:32,18:33,4.4,Present
440,255,2024-06-04,08:17,19:04,8.7,Present
441,255,2024-06-05,09:39,17:40,8.3,Present
442,255,2024-06-06,10:47,19:57,5.6,Present
443,255,2024-06-07,08:21,,,Half Day
444,255,2024-06-10,09:50,17:32,4.1,Present
445,194,2024-06-03,09:56,18:29,7.8,Present
446,194,2024-06-04,09:37,19:08,8.6,Present
447,194,2024-06-05,08:42,,,Half Day
448,194,2024-06-06,09:08,19:01,6.0,Present
449,194,2024-06-07,10:35,16:13,8.1,Present
450,194,2024-06-10,09:24,17:59,5.0,Present
451,49,2024-06-03,08:23,16:10,6.9,Present
452,49,2024-06-04,09:34,19:14,7.5,Present
453,49,2024-06-05,10:59,18:08,5.5,Present
454,49,2024-06-06,09:54,,,Half Day
455,49,2024-06-07,09:52,18:50,4.4,Present
456,49,2024-06-10,08:46,19:41,5.9,Present
457,105,2024-06-03,09:35,16:37,5.6,Present
458,105,2024-06-04,09:13,16:21,9.0,Present
459,105,2024-06-05,08:10,17:23,8.1,Present
460,105,2024-06-06,08:06,19:34,7.7,Present
461,105,2024-06-07,10:52,16:10,8.1,Present
462,105,2024-06-10,10:11,16:16,7.1,Present
463,87,2024-06-03,09:56,19:55,7.3,Present
464,87,2024-06-04,08:52,19:35,4.6,Present
465,87,2024-06-05,09:16,17:24,8.0,Present
466,87,2024-06-06,08:20,17:35,5.1,Present
467,87,2024-06-07,09:48,,,Half Day
468,87,2024-06-10,09:18,17:18,6.3,Present
469,130,2024-06-03,08:14,18:41,4.7,Present
470,130,2024-06-04,09:35,,,Half Day
471,130,2024-06-05,09:51,18:51,6.0,Present
472,130,2024-06-06,08:06,18:59,5.8,Present
473,130,2024-06-07,08:57,19:58,4.0,Present
474,130,2024-06-10,,,,On Leave
475,231,2024-06-03,08:23,19:32,6.5,Present
476,231,2024-06-04,08:48,16:30,8.7,Present
477,231,2024-06-05,10:24,16:55,8.3,Present
478,231,2024-06-06,09:14,16:28,5.5,Present
479,231,2024-06-07,08:09,19:38,6.5,Present
480,231,2024-06-10,08:57,19:12,4.1,Present
481,188,2024-06-03,,,,Absent
482,188,2024-06-04,09:39,,,Half Day
483,188,2024-06-05,10:19,19:53,5.9,Present
484,188,2024-06-06,08:06,19:18,8.4,Present
485,188,2024-06-07,09:35,18:12,8.0,Present
486,188,2024-06-10,09:52,18:53,5.1,Present
487,160,2024-06-03,10:25,18:06,8.1,Present
488,160,2024-06-04,10:22,18:47,8.1,Present
489,160,2024-06-05,09:12,16:21,7.2,Present
490,160,2024-06-06,10:38,19:41,4.7,Present
491,160,2024-06-07,09:05,17:41,4.1,Present
492,160,2024-06-10,,,,On Leave
493,274,2024-06-03,08:50,19:55,8.8,Present
494,274,2024-06-04,08:25,18:49,7.0,Present
495,274,2024-06-05,10:28,19:33,6.3,Present
496,274,2024-06-06,09:37,19:18,8.9,Present
497,274,2024-06-07,10:50,16:43,8.7,Present
498,274,2024-06-10,08:17,16:37,6.2,Present
499,158,2024-06-03,,,,On Leave
500,158,2024-06-04,10:39,19:49,7.2,Present
501,158,2024-06-05,08:51,19:20,6.1,Present
502,158,2024-06-06,09:52,18:03,6.1,Present
503,158,2024-06-07,08:37,16:56,5.9,Present
504,158,2024-06-10,08:27,19:39,8.8,Present
505,19,2024-06-03,08:49,,,Half Day
506,19,2024-06-04,10:44,17:13,4.9,Present
507,19,2024-06-05,,,,Absent
508,19,2024-06-06,08:31,17:04,6.8,Present
509,19,2024-06-07,08:19,17:26,6.9,Present
510,19,2024-06-10,08:56,,,Half Day
511,156,2024-06-03,09:30,19:10,6.1,Present
512,156,2024-06-04,09:27,16:40,5.5,Present
513,156,2024-06-05,08:04,17:39,8.1,Present
514,156,2024-06-06,10:49,18:43,5.8,Present
515,156,2024-06-07,09:17,19:01,6.4,Present
516,156,2024-06-10,08:00,19:40,7.5,Present
517,148,2024-06-03,08:35,18:57,5.0,Present
518,148,2024-06-04,09:23,19:44,7.3,Present
519,148,2024-06-05,10:55,,,Half Day
520,148,2024-06-06,,,,Absent
521,148,2024-06-07,08:09,17:55,7.7,Present
522,148,2024-06-10,09:59,18:46,7.4,Present
523,123,2024-06-03,10:28,,,Half Day
524,123,2024-06-04,08:19,18:08,7.2,Present
525,123,2024-06-05,10:00,17:58,5.4,Present
526,123,2024-06-06,10:24,19:54,8.6,Present
527,123,2024-06-07,09:01,18:53,7.6,Present
528,123,2024-06-10,09:41,16:42,8.0,Present
529,139,2024-06-03,10:07,,,Half Day
530,139,2024-06-04,10:24,17:07,4.4,Present
531,139,2024-06-05,08:09,17:02,5.3,Present
532,139,2024-06-06,10:14,19:51,5.8,Present
533,139,2024-06-07,08:47,16:26,7.4,Present
534,139,2024-06-10,10:06,17:27,8.0,Present
535,178,2024-06-03,08:48,17:55,8.2,Present
536,178,2024-06-04,08:43,16:08,4.5,Present
537,178,2024-06-05,10:44,,,Half Day
538,178,2024-06-06,10:59,19:53,5.2,Present
539,178,2024-06-07,09:35,17:57,5.5,Present
540,178,2024-06-10,10:17,19:00,7.8,Present
541,268,2024-06-03,,,,On Leave
542,268,2024-06-04,09:44,19:19,4.1,Present
543,268,2024-06-05,10:44,18:59,5.0,Present
544,268,2024-06-06,08:42,19:52,5.8,Present
545,268,2024-06-07,09:05,19:11,4.4,Present
546,268,2024-06-10,08:37,17:39,5.9,Present
547,211,2024-06-03,10:54,19:51,5.9,Present
548,211,2024-06-04,08:08,16:25,5.7,Present
549,211,2024-06-05,,,,Absent
550,211,2024-06-06,10:29,17:24,7.3,Present
551,211,2024-06-07,10:21,16:46,4.6,Present
552,211,2024-06-10,10:34,17:59,7.4,Present
553,30,2024-06-03,09:21,16:25,7.3,Present
554,30,2024-06-04,08:38,16:38,8.7,Present
555,30,2024-06-05,08:49,16:05,8.8,Present
556,30,2024-06-06,08:49,18:10,6.4,Present
557,30,2024-06-07,10:28,19:22,8.3,Present
558,30,2024-06-10,08:11,18:06,4.8,Present
559,281,2024-06-03,09:46,16:44,5.2,Present
560,281,2024-06-04,,,,Absent
561,281,2024-06-05,08:06,18:51,8.4,Present
562,281,2024-06-06,,,,On Leave
563,281,2024-06-07,08:10,17:16,6.9,Present
564,281,2024-06-10,09:16,18:01,7.6,Present
565,182,2024-06-03,08:54,18:36,7.1,Present
566,182,2024-06-04,08:03,19:52,5.9,Present
567,182,2024-06-05,10:24,16:35,4.9,Present
568,182,2024-06-06,08:22,,,Half Day
569,182,2024-06-07,,,,Absent
570,182,2024-06-10,10:07,18:14,4.9,Present
571,165,2024-06-03,08:45,19:10,5.4,Present
572,165,2024-06-04,08:49,18:04,6.6,Present
573,165,2024-06-05,10:02,19:07,8.0,Present
574,165,2024-06-06,10:00,19:58,4.6,Present
575,165,2024-06-07,10:45,18:28,8.3,Present
576,165,2024-06-10,09:09,16:56,8.5,Present
577,80,2024-06-03,,,,On Leave
578,80,2024-06-04,10:14,19:23,6.8,Present
579,80,2024-06-05,08:20,19:01,6.5,Present
580,80,2024-06-06,09:53,17:38,4.0,Present
581,80,2024-06-07,09:47,16:57,8.4,Present
582,80,2024-06-10,,,,Absent
583,76,2024-06-03,08:58,16:41,8.9,Present
584,76,2024-06-04,08:44,19:46,4.4,Present
585,76,2024-06-05,09:58,19:11,8.1,Present
586,76,2024-06-06,08:46,18:05,4.2,Present
587,76,2024-06-07,08:06,16:34,5.0,Present
588,76,2024-06-10,08:01,16:19,7.5,Present
589,239,2024-06-03,10:15,18:53,4.3,Present
590,239,2024-06-04,08:05,16:45,8.4,Present
591,239,2024-06-05,08:03,19:52,5.2,Present
592,239,2024-06-06,09:09,19:52,4.9,Present
593,239,2024-06-07,09:04,17:58,8.7,Present
594,239,2024-06-10,09:09,17:32,6.3,Present
595,186,2024-06-03,08:47,16:00,7.7,Present
596,186,2024-06-04,10:47,19:39,6.1,Present
597,186,2024-06-05,09:56,19:47,4.2,Present
598,186,2024-06-06,10:50,,,Half Day
599,186,2024-06-07,09:15,16:12,8.6,Present
600,186,2024-06-10,09:04,17:07,8.3,Present
601,210,2024-06-03,10:16,18:34,7.4,Present
602,210,2024-06-04,10:07,18:16,5.4,Present
603,210,2024-06-05,08:13,18:16,4.2,Present
604,210,2024-06-06,10:41,18:50,5.7,Present
605,210,2024-06-07,10:33,17:40,8.1,Present
606,210,2024-06-10,08:57,19:17,6.7,Present
607,64,2024-06-03,09:38,19:18,7.4,Present
608,64,2024-06-04,08:35,19:43,4.7,Present
609,64,2024-06-05,,,,Absent
610,64,2024-06-06,09:31,18:15,8.7,Present
611,64,2024-06-07,10:07,19:50,6.2,Present
612,64,2024-06-10,08:08,18:30,6.6,Present
613,179,2024-06-03,,,,Absent
614,179,2024-06-04,08:54,16:50,6.1,Present
615,179,2024-06-05,10:33,19:16,7.9,Present
616,179,2024-06-06,10:49,17:05,6.1,Present
617,179,2024-06-07,10:22,16:24,5.4,Present
618,179,2024-06-10,10:01,19:03,7.2,Present
619,42,2024-06-03,09:07,,,Half Day
620,42,2024-06-04,09:18,17:15,7.7,Present
621,42,2024-06-05,09:04,16:07,6.4,Present
622,42,2024-06-06,10:55,18:10,8.9,Present
623,42,2024-06-07,09:53,19:07,7.0,Present
624,42,2024-06-10,10:58,18:52,9.0,Present
625,153,2024-06-03,10:37,,,Half Day
626,153,2024-06-04,10:30,18:12,5.7,Present
627,153,2024-06-05,10:13,17:46,5.4,Present
628,153,2024-06-06,10:38,18:58,8.7,Present
629,153,2024-06-07,,,,On Leave
630,153,2024-06-10,08:04,19:47,7.0,Present
631,300,2024-06-03,08:08,,,Half Day
632,300,2024-06-04,09:26,17:22,5.8,Present
633,300,2024-06-05,09:35,17:42,8.6,Present
634,300,2024-06-06,,,,Absent
635,300,2024-06-07,08:48,16:19,5.1,Present
636,300,2024-06-10,09:54,16:32,6.6,Present
637,128,2024-06-03,08:29,16:47,5.9,Present
638,128,2024-06-04,09:26,18:59,5.8,Present
639,128,2024-06-05,10:54,17:33,5.3,Present
640,128,2024-06-06,09:31,,,Half Day
641,128,2024-06-07,10:25,18:47,5.9,Present
642,128,2024-06-10,09:00,19:25,6.6,Present
643,226,2024-06-03,10:19,17:21,5.1,Present
644,226,2024-06-04,09:37,17:00,8.3,Present
645,226,2024-06-05,08:04,,,Half Day
646,226,2024-06-06,10:53,19:11,4.6,Present
647,226,2024-06-07,10:46,17:46,4.1,Present
648,226,2024-06-10,10:01,18:27,7.1,Present
649,225,2024-06-03,08:42,17:34,6.1,Present
650,225,2024-06-04,10:03,16:34,8.1,Present
651,225,2024-06-05,08:56,17:52,7.8,Present
652,225,2024-06-06,09:43,,,Half Day
653,225,2024-06-07,08:44,19:37,5.7,Present
654,225,2024-06-10,09:47,16:32,8.1,Present
655,126,2024-06-03,10:31,19:15,5.8,Present
656,126,2024-06-04,08:32,18:37,6.3,Present
657,126,2024-06-05,09:14,17:10,8.9,Present
658,126,2024-06-06,09:54,17:52,8.8,Present
659,126,2024-06-07,10:00,17:14,5.7,Present
660,126,2024-06-10,10:50,,,Half Day
661,202,2024-06-03,10:36,17:56,4.5,Present
662,202,2024-06-04,08:34,,,Half Day
663,202,2024-06-05,08:01,18:04,4.1,Present
664,202,2024-06-06,10:01,18:57,7.2,Present
665,202,2024-06-07,09:55,19:42,4.3,Present
666,202,2024-06-10,08:15,17:02,7.0,Present
667,149,2024-06-03,10:58,19:25,8.7,Present
668,149,2024-06-04,10:17,17:16,8.0,Present
669,149,2024-06-05,09:20,17:39,5.6,Present
670,149,2024-06-06,08:55,19:13,5.2,Present
671,149,2024-06-07,08:14,,,Half Day
672,149,2024-06-10,09:29,16:24,7.3,Present
673,243,2024-06-03,,,,Absent
674,243,2024-06-04,09:41,17:23,5.2,Present
675,243,2024-06-05,08:07,17:40,6.6,Present
676,243,2024-06-06,08:37,18:00,7.8,Present
677,243,2024-06-07,08:37,18:08,4.3,Present
678,243,2024-06-10,10:06,19:46,7.3,Present
679,40,2024-06-03,09:22,19:52,6.1,Present
680,40,2024-06-04,08:31,16:40,5.3,Present
681,40,2024-06-05,10:42,19:12,7.8,Present
682,40,2024-06-06,09:05,18:15,5.9,Present
683,40,2024-06-07,09:22,18:27,7.7,Present
684,40,2024-06-10,10:34,18:29,7.8,Present
685,212,2024-06-03,08:03,19:19,7.9,Present
686,212,2024-06-04,10:00,,,Half Day
687,212,2024-06-05,08:41,17:24,4.5,Present
688,212,2024-06-06,10:06,18:06,5.5,Present
689,212,2024-06-07,09:39,18:03,4.3,Present
690,212,2024-06-10,,,,On Leave
691,247,2024-06-03,,,,On Leave
692,247,2024-06-04,,,,Absent
693,247,2024-06-05,08:35,18:24,6.8,Present
694,247,2024-06-06,09:38,18:57,5.9,Present
695,247,2024-06-07,10:52,19:29,5.8,Present
696,247,2024-06-10,08:10,17:18,4.1,Present
697,23,2024-06-03,,,,On Leave
698,23,2024-06-04,09:08,17:39,4.1,Present
699,23,2024-06-05,10:05,18:01,6.4,Present
700,23,2024-06-06,10:51,18:10,4.1,Present
701,23,2024-06-07,08:29,17:49,4.9,Present
702,23,2024-06-10,08:16,17:11,4.1,Present
703,129,2024-06-03,09:55,,,Half Day
704,129,2024-06-04,,,,On Leave
705,129,2024-06-05,10:41,18:29,6.3,Present
706,129,2024-06-06,08:18,16:42,7.6,Present
707,129,2024-06-07,,,,On Leave
708,129,2024-06-10,08:45,19:14,5.6,Present
709,166,2024-06-03,08:24,16:32,6.2,Present
710,166,2024-06-04,09:32,18:13,7.7,Present
711,166,2024-06-05,09:58,,,Half Day
712,166,2024-06-06,09:34,,,Half Day
713,166,2024-06-07,08:51,18:20,7.2,Present
714,166,2024-06-10,09:07,18:17,4.5,Present
715,234,2024-06-03,09:59,16:18,5.2,Present
716,234,2024-06-04,09:15,16:34,6.6,Present
717,234,2024-06-05,09:46,16:27,8.3,Present
718,234,2024-06-06,09:19,17:23,7.7,Present
719,234,2024-06-07,08:36,,,Half Day
720,234,2024-06-10,09:37,,,Half Day
721,135,2024-06-03,09:21,19:36,7.4,Present
722,135,2024-06-04,09:01,16:55,6.1,Present
723,135,2024-06-05,10:18,18:17,5.7,Present
724,135,2024-06-06,10:42,17:58,7.0,Present
725,135,2024-06-07,09:02,18:30,6.1,Present
726,135,2024-06-10,08:38,18:55,6.0,Present
727,169,2024-06-03,09:03,18:06,8.1,Present
728,169,2024-06-04,09:01,17:29,5.8,Present
729,169,2024-06-05,09:43,16:07,8.6,Present
730,169,2024-06-06,10:21,16:15,7.1,Present
731,169,2024-06-07,08:24,17:19,4.2,Present
732,169,2024-06-10,08:01,,,Half Day
733,101,2024-06-03,09:48,16:40,7.1,Present
734,101,2024-06-04,10:18,,,Half Day
735,101,2024-06-05,09:23,17:58,5.5,Present
736,101,2024-06-06,08:39,19:26,8.3,Present
737,101,2024-06-07,08:19,,,Half Day
738,101,2024-06-10,09:24,16:23,7.7,Present
739,28,2024-06-03,08:54,16:16,5.8,Present
740,28,2024-06-04,08:26,17:51,5.1,Present
741,28,2024-06-05,10:50,17:04,7.5,Present
742,28,2024-06-06,10:02,16:07,7.4,Present
743,28,2024-06-07,,,,On Leave
744,28,2024-06-10,09:30,17:59,7.6,Present
745,102,2024-06-03,,,,On Leave
746,102,2024-06-04,08:28,19:50,8.8,Present
747,102,2024-06-05,10:06,19:35,7.9,Present
748,102,2024-06-06,08:44,19:55,5.9,Present
749,102,2024-06-07,10:32,18:59,5.0,Present
750,102,2024-06-10,08:27,18:02,7.0,Present
751,108,2024-06-03,10:04,17:31,4.7,Present
752,108,2024-06-04,10:02,16:54,8.6,Present
753,108,2024-06-05,09:12,17:17,5.9,Present
754,108,2024-06-06,10:33,18:30,7.3,Present
755,108,2024-06-07,09:15,18:52,5.1,Present
756,108,2024-06-10,09:46,16:05,8.1,Present
757,103,2024-06-03,08:42,18:33,5.4,Present
758,103,2024-06-04,08:02,17:11,8.2,Present
759,103,2024-06-05,08:07,17:24,7.3,Present
760,103,2024-06-06,,,,On Leave
761,103,2024-06-07,08:54,,,Half Day
762,103,2024-06-10,08:32,18:20,7.4,Present
763,59,2024-06-03,08:22,16:40,6.7,Present
764,59,2024-06-04,,,,Absent
765,59,2024-06-05,09:54,,,Half Day
766,59,2024-06-06,09:59,16:19,4.8,Present
767,59,2024-06-07,08:18,18:14,6.1,Present
768,59,2024-06-10,10:00,18:40,7.8,Present
769,63,2024-06-03,08:32,16:03,7.2,Present
770,63,2024-06-04,09:57,18:39,4.5,Present
771,63,2024-06-05,10:37,,,Half Day
772,63,2024-06-06,10:37,18:25,5.3,Present
773,63,2024-06-07,09:21,17:05,6.2,Present
774,63,2024-06-10,08:00,18:49,5.2,Present
775,263,2024-06-03,09:26,18:24,5.1,Present
776,263,2024-06-04,08:16,17:54,5.5,Present
777,263,2024-06-05,08:39,16:01,7.8,Present
778,263,2024-06-06,,,,Absent
779,263,2024-06-07,08:10,18:11,4.1,Present
780,263,2024-06-10,08:28,19:24,8.0,Present
781,48,2024-06-03,09:56,17:23,7.3,Present
782,48,2024-06-04,09:34,19:18,5.5,Present
783,48,2024-06-05,10:32,18:32,5.4,Present
784,48,2024-06-06,10:11,19:16,7.8,Present
785,48,2024-06-07,,,,On Leave
786,48,2024-06-10,10:39,18:03,7.3,Present
787,132,2024-06-03,09:35,,,Half Day
788,132,2024-06-04,10:05,17:27,6.4,Present
789,132,2024-06-05,10:26,18:48,6.9,Present
790,132,2024-06-06,,,,Absent
791,132,2024-06-07,10:38,16:40,4.8,Present
792,132,2024-06-10,10:33,,,Half Day
793,244,2024-06-03,08:28,18:05,5.5,Present
794,244,2024-06-04,09:00,19:15,8.4,Present
795,244,2024-06-05,08:38,19:02,5.1,Present
796,244,2024-06-06,08:45,,,Half Day
797,244,2024-06-07,08:58,18:47,4.8,Present
798,244,2024-06-10,10:28,17:17,5.5,Present
799,155,2024-06-03,09:56,17:51,7.3,Present
800,155,2024-06-04,09:16,19:54,5.7,Present
801,155,2024-06-05,08:05,16:04,8.7,Present
802,155,2024-06-06,08:46,16:55,7.1,Present
803,155,2024-06-07,10:22,16:10,5.0,Present
804,155,2024-06-10,10:35,19:24,4.2,Present
805,21,2024-06-03,08:14,17:15,8.7,Present
806,21,2024-06-04,08:42,18:45,4.8,Present
807,21,2024-06-05,09:36,18:23,6.2,Present
808,21,2024-06-06,09:25,16:03,8.1,Present
809,21,2024-06-07,,,,Absent
810,21,2024-06-10,,,,On Leave
811,240,2024-06-03,08:17,19:03,8.2,Present
812,240,2024-06-04,10:06,18:05,5.4,Present
813,240,2024-06-05,09:22,,,Half Day
814,240,2024-06-06,09:45,18:43,5.4,Present
815,240,2024-06-07,,,,Absent
816,240,2024-06-10,10:07,19:48,8.7,Present
817,223,2024-06-03,08:00,16:26,5.7,Present
818,223,2024-06-04,,,,On Leave
819,223,2024-06-05,,,,Absent
820,223,2024-06-06,09:28,16:53,5.9,Present
821,223,2024-06-07,09:25,18:21,7.2,Present
822,223,2024-06-10,09:09,,,Half Day
823,67,2024-06-03,09:16,17:04,7.8,Present
824,67,2024-06-04,08:30,16:19,8.7,Present
825,67,2024-06-05,08:56,,,Half Day
826,67,2024-06-06,,,,On Leave
827,67,2024-06-07,,,,Absent
828,67,2024-06-10,10:51,18:21,5.0,Present
829,29,2024-06-03,09:45,18:05,5.9,Present
830,29,2024-06-04,08:35,16:50,5.7,Present
831,29,2024-06-05,08:33,,,Half Day
832,29,2024-06-06,08:33,16:42,7.3,Present
833,29,2024-06-07,08:01,19:48,7.1,Present
834,29,2024-06-10,10:39,16:55,7.1,Present
835,98,2024-06-03,10:50,19:21,7.7,Present
836,98,2024-06-04,08:06,16:35,8.4,Present
837,98,2024-06-05,10:59,19:33,7.7,Present
838,98,2024-06-06,09:44,16:27,8.2,Present
839,98,2024-06-07,09:27,19:03,7.4,Present
840,98,2024-06-10,09:27,19:51,8.2,Present
841,283,2024-06-03,08:46,19:35,4.9,Present
842,283,2024-06-04,10:59,18:09,7.3,Present
843,283,2024-06-05,10:19,16:04,8.3,Present
844,283,2024-06-06,09:59,16:42,5.8,Present
845,283,2024-06-07,10:50,18:05,4.5,Present
846,283,2024-06-10,08:05,19:43,7.9,Present
847,45,2024-06-03,,,,Absent
848,45,2024-06-04,,,,On Leave
849,45,2024-06-05,08:17,16:35,7.9,Present
850,45,2024-06-06,09:39,19:55,6.1,Present
851,45,2024-06-07,10:06,19:36,5.6,Present
852,45,2024-06-10,08:06,17:48,7.7,Present
853,288,2024-06-03,,,,On Leave
854,288,2024-06-04,10:12,19:37,7.1,Present
855,288,2024-06-05,08:52,18:29,4.1,Present
856,288,2024-06-06,10:18,18:04,7.1,Present
857,288,2024-06-07,09:56,16:11,5.1,Present
858,288,2024-06-10,10:39,17:02,5.0,Present
859,215,2024-06-03,09:46,19:25,8.7,Present
860,215,2024-06-04,08:36,19:55,7.5,Present
861,215,2024-06-05,09:09,17:09,5.7,Present
862,215,2024-06-06,10:22,,,Half Day
863,215,2024-06-07,09:10,16:54,4.0,Present
864,215,2024-06-10,09:12,17:45,6.2,Present
865,119,2024-06-03,08:51,16:27,6.0,Present
866,119,2024-06-04,09:56,16:23,8.7,Present
867,119,2024-06-05,08:15,19:20,7.3,Present
868,119,2024-06-06,09:23,16:32,7.8,Present
869,119,2024-06-07,08:45,19:35,8.1,Present
870,119,2024-06-10,10:07,19:59,8.4,Present
871,117,2024-06-03,10:44,19:31,4.7,Present
872,117,2024-06-04,09:46,16:58,6.9,Present
873,117,2024-06-05,08:28,16:02,5.3,Present
874,117,2024-06-06,08:00,,,Half Day
875,117,2024-06-07,10:33,17:13,6.9,Present
876,117,2024-06-10,09:00,19:30,4.2,Present
877,2,2024-06-03,10:10,18:43,4.9,Present
878,2,2024-06-04,08:05,16:59,8.8,Present
879,2,2024-06-05,08:51,17:06,4.1,Present
880,2,2024-06-06,09:30,18:52,4.2,Present
881,2,2024-06-07,10:21,18:09,6.5,Present
882,2,2024-06-10,10:13,16:44,8.3,Present
883,256,2024-06-03,10:03,,,Half Day
884,256,2024-06-04,09:12,16:58,6.3,Present
885,256,2024-06-05,10:50,17:56,4.2,Present
886,256,2024-06-06,09:22,16:50,8.3,Present
887,256,2024-06-07,09:40,18:43,8.4,Present
888,256,2024-06-10,10:25,18:35,4.5,Present
889,163,2024-06-03,,,,On Leave
890,163,2024-06-04,10:43,18:26,7.3,Present
891,163,2024-06-05,08:10,17:10,8.0,Present
892,163,2024-06-06,09:10,18:00,5.5,Present
893,163,2024-06-07,09:05,19:18,4.7,Present
894,163,2024-06-10,10:34,18:58,4.3,Present
895,147,2024-06-03,,,,On Leave
896,147,2024-06-04,08:58,17:17,5.7,Present
897,147,2024-06-05,09:42,16:51,4.5,Present
898,147,2024-06-06,,,,Absent
899,147,2024-06-07,08:53,16:06,7.5,Present
900,147,2024-06-10,09:11,16:01,6.9,Present
901,208,2024-06-03,,,,Absent
902,208,2024-06-04,10:10,19:46,4.9,Present
903,208,2024-06-05,09:30,17:46,4.1,Present
904,208,2024-06-06,08:04,18:04,8.0,Present
905,208,2024-06-07,08:17,,,Half Day
906,208,2024-06-10,08:37,18:47,8.5,Present
907,248,2024-06-03,10:22,19:54,6.7,Present
908,248,2024-06-04,08:36,19:47,4.6,Present
909,248,2024-06-05,08:49,,,Half Day
910,248,2024-06-06,09:58,17:51,6.5,Present
911,248,2024-06-07,10:55,19:02,6.2,Present
912,248,2024-06-10,09:24,17:01,5.1,Present
913,152,2024-06-03,09:46,18:30,4.4,Present
914,152,2024-06-04,10:27,19:12,5.4,Present
915,152,2024-06-05,10:04,18:09,8.8,Present
916,152,2024-06-06,08:29,16:55,5.2,Present
917,152,2024-06-07,09:52,18:38,4.7,Present
918,152,2024-06-10,09:03,17:33,8.1,Present
919,168,2024-06-03,,,,Absent
920,168,2024-06-04,09:07,17:46,5.3,Present
921,168,2024-06-05,08:26,18:42,7.3,Present
922,168,2024-06-06,08:20,19:51,8.1,Present
923,168,2024-06-07,10:56,18:03,8.0,Present
924,168,2024-06-10,10:57,18:52,4.8,Present
925,262,2024-06-03,08:40,18:50,8.2,Present
926,262,2024-06-04,10:23,19:19,6.0,Present
927,262,2024-06-05,10:30,16:52,6.5,Present
928,262,2024-06-06,,,,Absent
929,262,2024-06-07,08:24,17:15,5.8,Present
930,262,2024-06-10,09:40,,,Half Day
931,251,2024-06-03,10:30,18:38,6.3,Present
932,251,2024-06-04,09:22,,,Half Day
933,251,2024-06-05,09:42,19:31,5.9,Present
934,251,2024-06-06,09:36,,,Half Day
935,251,2024-06-07,08:19,16:25,8.6,Present
936,251,2024-06-10,10:17,16:13,4.8,Present
937,70,2024-06-03,08:07,19:44,5.3,Present
938,70,2024-06-04,10:08,18:46,9.0,Present
939,70,2024-06-05,08:07,18:25,4.5,Present
940,70,2024-06-06,10:32,17:20,8.7,Present
941,70,2024-06-07,08:21,16:48,7.1,Present
942,70,2024-06-10,09:23,16:48,5.5,Present
943,127,2024-06-03,09:38,16:34,8.5,Present
944,127,2024-06-04,09:13,19:36,7.8,Present
945,127,2024-06-05,09:34,17:48,5.3,Present
946,127,2024-06-06,08:31,18:02,8.8,Present
947,127,2024-06-07,08:42,17:20,5.4,Present
948,127,2024-06-10,,,,On Leave
949,176,2024-06-03,09:17,16:08,7.6,Present
950,176,2024-06-04,09:11,17:44,8.1,Present
951,176,2024-06-05,10:21,18:00,8.7,Present
952,176,2024-06-06,,,,On Leave
953,176,2024-06-07,10:53,16:23,5.7,Present
954,176,2024-06-10,10:39,18:36,7.9,Present
955,91,2024-06-03,08:38,,,Half Day
956,91,2024-06-04,08:27,19:21,5.6,Present
957,91,2024-06-05,,,,Absent
958,91,2024-06-06,08:07,16:06,7.2,Present
959,91,2024-06-07,08:08,16:42,5.2,Present
960,91,2024-06-10,08:34,17:25,4.4,Present
961,205,2024-06-03,10:45,16:30,6.9,Present
962,205,2024-06-04,,,,Absent
963,205,2024-06-05,09:04,18:53,8.3,Present
964,205,2024-06-06,08:06,18:57,8.9,Present
965,205,2024-06-07,08:24,16:07,6.5,Present
966,205,2024-06-10,08:07,18:13,6.7,Present
967,47,2024-06-03,09:22,16:55,5.0,Present
968,47,2024-06-04,10:38,19:59,6.3,Present
969,47,2024-06-05,10:06,17:07,5.0,Present
970,47,2024-06-06,08:46,,,Half Day
971,47,2024-06-07,08:19,,,Half Day
972,47,2024-06-10,10:42,19:24,7.5,Present
973,109,2024-06-03,10:07,17:59,7.5,Present
974,109,2024-06-04,08:05,18:14,7.0,Present
975,109,2024-06-05,,,,On Leave
976,109,2024-06-06,09:00,16:53,8.7,Present
977,109,2024-06-07,08:44,17:00,5.7,Present
978,109,2024-06-10,,,,On Leave
979,124,2024-06-03,10:18,18:59,6.3,Present
980,124,2024-06-04,08:27,16:01,6.4,Present
981,124,2024-06-05,08:54,17:23,5.2,Present
982,124,2024-06-06,,,,On Leave
983,124,2024-06-07,09:58,18:04,8.4,Present
984,124,2024-06-10,10:01,16:28,7.3,Present
985,71,2024-06-03,10:09,18:20,5.3,Present
986,71,2024-06-04,10:27,19:05,4.7,Present
987,71,2024-06-05,10:21,,,Half Day
988,71,2024-06-06,09:39,16:59,5.7,Present
989,71,2024-06-07,08:02,16:30,8.3,Present
990,71,2024-06-10,10:43,18:24,8.9,Present
991,278,2024-06-03,09:25,19:12,4.5,Present
992,278,2024-06-04,10:47,,,Half Day
993,278,2024-06-05,08:44,19:15,5.0,Present
994,278,2024-06-06,09:19,19:01,4.6,Present
995,278,2024-06-07,08:18,17:54,7.6,Present
996,278,2024-06-10,10:12,17:36,5.3,Present
997,285,2024-06-03,08:32,,,Half Day
998,285,2024-06-04,,,,Absent
999,285,2024-06-05,10:56,16:49,5.8,Present
1000,285,2024-06-06,10:39,19:00,5.5,Present
1001,285,2024-06-07,10:29,18:19,6.3,Present
1002,285,2024-06-10,09:17,,,Half Day
1003,196,2024-06-03,08:15,18:31,6.6,Present
1004,196,2024-06-04,10:54,,,Half Day
1005,196,2024-06-05,08:17,18:59,4.7,Present
1006,196,2024-06-06,08:25,,,Half Day
1007,196,2024-06-07,09:13,17:37,8.0,Present
1008,196,2024-06-10,10:24,16:25,7.5,Present
1009,58,2024-06-03,08:34,,,Half Day
1010,58,2024-06-04,08:39,16:38,4.7,Present
1011,58,2024-06-05,10:47,19:17,5.8,Present
1012,58,2024-06-06,09:26,16:55,5.0,Present
1013,58,2024-06-07,10:53,19:32,8.5,Present
1014,58,2024-06-10,10:11,19:38,8.1,Present
1015,90,2024-06-03,10:07,,,Half Day
1016,90,2024-06-04,,,,Absent
1017,90,2024-06-05,10:26,18:20,8.9,Present
1018,90,2024-06-06,08:29,19:07,6.8,Present
1019,90,2024-06-07,10:05,16:39,7.7,Present
1020,90,2024-06-10,10:14,19:19,5.6,Present
1021,26,2024-06-03,08:37,16:07,6.7,Present
1022,26,2024-06-04,,,,On Leave
1023,26,2024-06-05,08:46,,,Half Day
1024,26,2024-06-06,09:28,16:35,4.9,Present
1025,26,2024-06-07,10:37,19:07,6.4,Present
1026,26,2024-06-10,10:54,17:43,7.3,Present
1027,52,2024-06-03,09:58,17:28,8.9,Present
1028,52,2024-06-04,10:54,16:16,5.8,Present
1029,52,2024-06-05,08:11,18:07,4.8,Present
1030,52,2024-06-06,10:30,18:48,8.6,Present
1031,52,2024-06-07,09:59,,,Half Day
1032,52,2024-06-10,09:48,17:25,5.7,Present
1033,199,2024-06-03,08:50,,,Half Day
1034,199,2024-06-04,08:19,19:02,7.5,Present
1035,199,2024-06-05,09:48,16:41,7.4,Present
1036,199,2024-06-06,09:50,17:07,7.7,Present
1037,199,2024-06-07,08:54,18:32,4.6,Present
1038,199,2024-06-10,10:40,19:39,7.3,Present
1039,34,2024-06-03,10:27,17:44,5.3,Present
1040,34,2024-06-04,08:23,18:32,6.8,Present
1041,34,2024-06-05,09:38,16:50,8.6,Present
1042,34,2024-06-06,,,,On Leave
1043,34,2024-06-07,10:20,18:10,8.2,Present
1044,34,2024-06-10,10:28,19:50,4.2,Present
1045,120,2024-06-03,10:50,18:22,6.8,Present
1046,120,2024-06-04,09:53,18:08,4.8,Present
1047,120,2024-06-05,09:46,19:59,4.9,Present
1048,120,2024-06-06,10:07,17:38,6.5,Present
1049,120,2024-06-07,10:36,19:28,5.2,Present
1050,120,2024-06-10,10:55,17:29,4.1,Present
1051,201,2024-06-03,10:13,17:13,4.3,Present
1052,201,2024-06-04,09:05,18:22,8.4,Present
1053,201,2024-06-05,09:12,17:38,8.4,Present
1054,201,2024-06-06,08:25,19:08,4.4,Present
1055,201,2024-06-07,09:40,19:17,8.0,Present
1056,201,2024-06-10,08:31,18:52,6.5,Present
1057,53,2024-06-03,08:13,19:25,5.2,Present
1058,53,2024-06-04,09:42,,,Half Day
1059,53,2024-06-05,08:24,19:52,4.6,Present
1060,53,2024-06-06,10:16,16:21,5.1,Present
1061,53,2024-06-07,10:40,19:21,6.7,Present
1062,53,2024-06-10,10:32,19:24,7.7,Present
1063,22,2024-06-03,09:17,19:03,4.1,Present
1064,22,2024-06-04,08:00,,,Half Day
1065,22,2024-06-05,10:50,17:51,6.6,Present
1066,22,2024-06-06,08:23,16:30,4.4,Present
1067,22,2024-06-07,10:47,19:16,5.7,Present
1068,22,2024-06-10,,,,Absent
1069,250,2024-06-03,,,,On Leave
1070,250,2024-06-04,08:27,18:42,9.0,Present
1071,250,2024-06-05,10:30,16:40,4.9,Present
1072,250,2024-06-06,09:26,16:06,5.6,Present
1073,250,2024-06-07,,,,Absent
1074,250,2024-06-10,08:53,18:40,4.2,Present
1075,73,2024-06-03,09:35,17:03,4.6,Present
1076,73,2024-06-04,08:14,16:57,6.6,Present
1077,73,2024-06-05,08:38,18:12,4.6,Present
1078,73,2024-06-06,10:39,18:40,7.4,Present
1079,73,2024-06-07,,,,Absent
1080,73,2024-06-10,08:09,17:16,5.6,Present
1081,177,2024-06-03,10:36,19:01,7.4,Present
1082,177,2024-06-04,08:57,,,Half Day
1083,177,2024-06-05,08:31,19:24,8.0,Present
1084,177,2024-06-06,10:56,16:24,7.8,Present
1085,177,2024-06-07,09:45,16:45,6.1,Present
1086,177,2024-06-10,08:05,17:11,6.8,Present
1087,162,2024-06-03,10:47,16:42,5.5,Present
1088,162,2024-06-04,09:39,16:17,5.0,Present
1089,162,2024-06-05,10:56,17:20,5.1,Present
1090,162,2024-06-06,10:09,18:27,4.5,Present
1091,162,2024-06-07,09:10,,,Half Day
1092,162,2024-06-10,10:45,16:04,5.2,Present
1093,39,2024-06-03,09:56,16:08,6.1,Present
1094,39,2024-06-04,08:55,19:23,6.7,Present
1095,39,2024-06-05,10:11,19:15,6.7,Present
1096,39,2024-06-06,,,,Absent
1097,39,2024-06-07,10:26,18:26,4.1,Present
1098,39,2024-06-10,10:17,,,Half Day
1099,86,2024-06-03,09:32,18:28,4.3,Present
1100,86,2024-06-04,08:56,16:39,5.9,Present
1101,86,2024-06-05,10:27,18:36,4.5,Present
1102,86,2024-06-06,,,,On Leave
1103,86,2024-06-07,10:16,18:52,8.0,Present
1104,86,2024-06-10,10:16,17:00,6.3,Present
1105,297,2024-06-03,09:21,19:54,8.2,Present
1106,297,2024-06-04,10:41,16:47,8.0,Present
1107,297,2024-06-05,,,,Absent
1108,297,2024-06-06,09:52,19:07,8.4,Present
1109,297,2024-06-07,10:24,18:58,7.4,Present
1110,297,2024-06-10,10:59,17:35,6.1,Present
1111,249,2024-06-03,,,,Absent
1112,249,2024-06-04,,,,On Leave
1113,249,2024-06-05,09:26,16:02,6.6,Present
1114,249,2024-06-06,10:45,16:44,7.2,Present
1115,249,2024-06-07,10:03,16:07,4.2,Present
1116,249,2024-06-10,10:41,18:17,7.5,Present
1117,55,2024-06-03,09:54,17:49,9.0,Present
1118,55,2024-06-04,09:25,19:08,4.4,Present
1119,55,2024-06-05,,,,Absent
1120,55,2024-06-06,10:43,18:04,8.8,Present
1121,55,2024-06-07,10:17,18:46,7.4,Present
1122,55,2024-06-10,09:22,17:04,6.0,Present
1123,138,2024-06-03,09:51,19:11,7.4,Present
1124,138,2024-06-04,08:00,,,Half Day
1125,138,2024-06-05,10:34,19:41,6.1,Present
1126,138,2024-06-06,08:19,17:29,8.5,Present
1127,138,2024-06-07,08:32,18:20,8.7,Present
1128,138,2024-06-10,10:46,17:05,8.2,Present
1129,269,2024-06-03,08:22,18:34,6.8,Present
1130,269,2024-06-04,10:59,19:12,4.7,Present
1131,269,2024-06-05,10:54,16:37,7.4,Present
1132,269,2024-06-06,08:15,19:30,6.3,Present
1133,269,2024-06-07,08:50,17:52,8.2,Present
1134,269,2024-06-10,08:50,19:42,5.6,Present
1135,242,2024-06-03,08:13,,,Half Day
1136,242,2024-06-04,10:20,16:44,9.0,Present
1137,242,2024-06-05,10:18,18:02,7.3,Present
1138,242,2024-06-06,09:55,19:08,5.1,Present
1139,242,2024-06-07,10:52,16:06,6.6,Present
1140,242,2024-06-10,08:48,16:28,5.9,Present
1141,112,2024-06-03,10:02,18:42,8.9,Present
1142,112,2024-06-04,09:57,18:34,7.3,Present
1143,112,2024-06-05,09:49,16:16,4.7,Present
1144,112,2024-06-06,09:58,19:26,7.0,Present
1145,112,2024-06-07,,,,On Leave
1146,112,2024-06-10,08:08,18:56,5.4,Present
1147,89,2024-06-03,08:57,19:50,4.0,Present
1148,89,2024-06-04,09:13,19:53,4.6,Present
1149,89,2024-06-05,09:29,16:09,4.6,Present
1150,89,2024-06-06,10:52,,,Half Day
1151,89,2024-06-07,09:11,,,Half Day
1152,89,2024-06-10,10:57,19:33,7.2,Present
1153,260,2024-06-03,09:14,18:10,6.6,Present
1154,260,2024-06-04,10:51,,,Half Day
1155,260,2024-06-05,09:34,18:47,7.4,Present
1156,260,2024-06-06,08:40,19:32,6.6,Present
1157,260,2024-06-07,10:38,17:09,4.4,Present
1158,260,2024-06-10,10:14,17:46,4.2,Present
1159,20,2024-06-03,08:06,19:38,5.6,Present
1160,20,2024-06-04,10:34,18:26,5.3,Present
1161,20,2024-06-05,08:18,18:26,4.8,Present
1162,20,2024-06-06,09:43,18:57,4.5,Present
1163,20,2024-06-07,08:27,,,Half Day
1164,20,2024-06-10,10:46,19:49,7.8,Present
1165,291,2024-06-03,,,,Absent
1166,291,2024-06-04,08:03,17:14,6.2,Present
1167,291,2024-06-05,09:17,17:07,4.7,Present
1168,291,2024-06-06,09:51,,,Half Day
1169,291,2024-06-07,09:01,,,Half Day
1170,291,2024-06-10,10:48,16:44,8.2,Present
1171,141,2024-06-03,09:37,16:48,4.7,Present
1172,141,2024-06-04,10:06,19:03,6.5,Present
1173,141,2024-06-05,08:28,17:17,4.8,Present
1174,141,2024-06-06,09:15,16:48,6.8,Present
1175,141,2024-06-07,09:09,17:24,8.2,Present
1176,141,2024-06-10,09:59,19:14,5.4,Present
1177,191,2024-06-03,10:44,19:03,4.4,Present
1178,191,2024-06-04,08:02,18:50,6.8,Present
1179,191,2024-06-05,10:04,18:44,5.9,Present
1180,191,2024-06-06,09:50,17:07,4.7,Present
1181,191,2024-06-07,10:54,18:09,6.0,Present
1182,191,2024-06-10,10:26,19:03,7.3,Present
1183,264,2024-06-03,08:54,19:08,8.4,Present
1184,264,2024-06-04,,,,On Leave
1185,264,2024-06-05,09:34,18:16,6.3,Present
1186,264,2024-06-06,08:42,18:35,4.5,Present
1187,264,2024-06-07,09:13,18:35,8.4,Present
1188,264,2024-06-10,08:19,17:56,5.9,Present
1189,257,2024-06-03,09:41,19:36,4.6,Present
1190,257,2024-06-04,10:41,17:00,5.7,Present
1191,257,2024-06-05,08:59,19:44,5.9,Present
1192,257,2024-06-06,08:17,,,Half Day
1193,257,2024-06-07,09:05,,,Half Day
1194,257,2024-06-10,08:02,19:43,8.6,Present
1195,289,2024-06-03,10:22,16:50,5.9,Present
1196,289,2024-06-04,08:45,17:36,7.5,Present
1197,289,2024-06-05,08:27,19:49,4.6,Present
1198,289,2024-06-06,10:04,16:35,6.4,Present
1199,289,2024-06-07,08:14,19:19,7.8,Present
1200,289,2024-06-10,10:04,17:21,4.3,Present
1201,273,2024-06-03,10:42,19:56,4.5,Present
1202,273,2024-06-04,10:38,,,Half Day
1203,273,2024-06-05,08:19,16:20,8.1,Present
1204,273,2024-06-06,08:05,17:50,8.0,Present
1205,273,2024-06-07,08:01,16:43,5.9,Present
1206,273,2024-06-10,10:10,19:38,7.9,Present
1207,183,2024-06-03,09:14,19:47,8.8,Present
1208,183,2024-06-04,10:47,18:41,4.5,Present
1209,183,2024-06-05,09:23,17:02,6.4,Present
1210,183,2024-06-06,,,,On Leave
1211,183,2024-06-07,09:47,16:12,6.5,Present
1212,183,2024-06-10,09:44,16:12,8.9,Present
1213,180,2024-06-03,10:32,,,Half Day
1214,180,2024-06-04,09:46,,,Half Day
1215,180,2024-06-05,08:45,17:52,5.9,Present
1216,180,2024-06-06,10:45,18:51,4.6,Present
1217,180,2024-06-07,08:16,16:57,5.2,Present
1218,180,2024-06-10,08:09,18:56,5.6,Present
1219,44,2024-06-03,08:15,17:47,4.9,Present
1220,44,2024-06-04,08:22,19:06,8.0,Present
1221,44,2024-06-05,08:06,16:07,7.4,Present
1222,44,2024-06-06,09:08,17:44,8.9,Present
1223,44,2024-06-07,,,,Absent
1224,44,2024-06-10,10:39,16:32,4.9,Present
1225,121,2024-06-03,,,,On Leave
1226,121,2024-06-04,10:55,,,Half Day
1227,121,2024-06-05,10:11,17:04,8.1,Present
1228,121,2024-06-06,10:37,16:36,6.7,Present
1229,121,2024-06-07,08:32,19:37,6.8,Present
1230,121,2024-06-10,08:02,,,Half Day
1231,296,2024-06-03,08:12,16:40,7.2,Present
1232,296,2024-06-04,09:52,16:10,4.1,Present
1233,296,2024-06-05,10:09,19:42,8.6,Present
1234,296,2024-06-06,10:07,16:17,5.2,Present
1235,296,2024-06-07,10:51,19:11,8.9,Present
1236,296,2024-06-10,09:32,16:23,8.9,Present
1237,198,2024-06-03,09:31,19:32,4.2,Present
1238,198,2024-06-04,09:36,16:11,5.4,Present
1239,198,2024-06-05,09:10,17:41,5.7,Present
1240,198,2024-06-06,10:40,19:17,6.6,Present
1241,198,2024-06-07,10:49,17:43,7.9,Present
1242,198,2024-06-10,08:36,16:51,6.4,Present
1243,137,2024-06-03,08:50,17:59,8.5,Present
1244,137,2024-06-04,10:35,16:05,5.5,Present
1245,137,2024-06-05,10:35,17:52,6.0,Present
1246,137,2024-06-06,10:48,16:21,8.5,Present
1247,137,2024-06-07,10:24,19:43,6.6,Present
1248,137,2024-06-10,09:03,,,Half Day
1249,125,2024-06-03,09:34,18:56,5.7,Present
1250,125,2024-06-04,08:26,19:36,8.1,Present
1251,125,2024-06-05,,,,Absent
1252,125,2024-06-06,08:58,19:12,5.1,Present
1253,125,2024-06-07,09:03,16:04,8.6,Present
1254,125,2024-06-10,10:24,19:51,4.4,Present
1255,167,2024-06-03,09:42,19:24,5.9,Present
1256,167,2024-06-04,10:03,18:30,4.6,Present
1257,167,2024-06-05,09:07,16:16,8.3,Present
1258,167,2024-06-06,08:42,,,Half Day
1259,167,2024-06-07,10:21,19:00,5.9,Present
1260,167,2024-06-10,09:54,18:11,4.9,Present
1261,56,2024-06-03,09:01,18:18,5.1,Present
1262,56,2024-06-04,10:17,18:34,7.3,Present
1263,56,2024-06-05,09:46,16:34,4.5,Present
1264,56,2024-06-06,09:47,18:28,6.0,Present
1265,56,2024-06-07,,,,On Leave
1266,56,2024-06-10,08:50,19:38,7.5,Present
1267,11,2024-06-03,08:58,19:14,7.2,Present
1268,11,2024-06-04,09:22,16:29,6.3,Present
1269,11,2024-06-05,09:13,17:19,8.7,Present
1270,11,2024-06-06,10:29,16:20,5.7,Present
1271,11,2024-06-07,08:44,17:13,5.0,Present
1272,11,2024-06-10,,,,On Leave
1273,213,2024-06-03,08:47,16:49,6.3,Present
1274,213,2024-06-04,10:31,18:39,8.7,Present
1275,213,2024-06-05,08:32,18:15,7.7,Present
1276,213,2024-06-06,08:25,16:52,7.4,Present
1277,213,2024-06-07,10:33,18:55,4.8,Present
1278,213,2024-06-10,08:13,16:02,6.2,Present
1279,35,2024-06-03,,,,On Leave
1280,35,2024-06-04,10:40,18:30,6.4,Present
1281,35,2024-06-05,09:26,17:02,5.9,Present
1282,35,2024-06-06,08:47,16:05,6.6,Present
1283,35,2024-06-07,10:11,19:10,6.0,Present
1284,35,2024-06-10,08:05,16:18,6.8,Present
1285,290,2024-06-03,,,,Absent
1286,290,2024-06-04,09:06,16:52,6.5,Present
1287,290,2024-06-05,09:05,,,Half Day
1288,290,2024-06-06,10:56,16:49,5.0,Present
1289,290,2024-06-07,09:33,17:47,6.7,Present
1290,290,2024-06-10,09:26,17:17,5.0,Present
1291,136,2024-06-03,09:14,18:28,7.7,Present
1292,136,2024-06-04,10:51,19:40,6.7,Present
1293,136,2024-06-05,09:30,17:53,6.3,Present
1294,136,2024-06-06,08:19,19:11,6.2,Present
1295,136,2024-06-07,10:29,,,Half Day
1296,136,2024-06-10,08:07,16:28,4.4,Present
1297,232,2024-06-03,09:28,16:43,4.7,Present
1298,232,2024-06-04,09:17,17:53,5.1,Present
1299,232,2024-06-05,10:37,19:28,7.3,Present
1300,232,2024-06-06,09:43,,,Half Day
1301,232,2024-06-07,10:21,19:05,5.1,Present
1302,232,2024-06-10,08:15,18:36,7.8,Present
1303,150,2024-06-03,08:25,,,Half Day
1304,150,2024-06-04,10:29,19:20,7.8,Present
1305,150,2024-06-05,10:32,,,Half Day
1306,150,2024-06-06,08:18,17:04,8.0,Present
1307,150,2024-06-07,,,,On Leave
1308,150,2024-06-10,10:36,19:37,7.5,Present
1309,209,2024-06-03,09:26,16:04,7.4,Present
1310,209,2024-06-04,09:58,19:43,6.2,Present
1311,209,2024-06-05,10:36,17:31,8.6,Present
1312,209,2024-06-06,08:24,16:55,7.9,Present
1313,209,2024-06-07,09:37,,,Half Day
1314,209,2024-06-10,08:45,19:47,7.4,Present
1315,143,2024-06-03,10:40,17:52,4.1,Present
1316,143,2024-06-04,10:36,17:44,5.2,Present
1317,143,2024-06-05,08:06,17:25,8.4,Present
1318,143,2024-06-06,10:47,17:05,7.0,Present
1319,143,2024-06-07,08:45,19:16,7.9,Present
1320,143,2024-06-10,09:59,18:26,7.5,Present
1321,13,2024-06-03,10:53,17:09,8.7,Present
1322,13,2024-06-04,09:01,,,Half Day
1323,13,2024-06-05,10:24,19:47,6.6,Present
1324,13,2024-06-06,10:18,16:48,8.1,Present
1325,13,2024-06-07,09:16,19:18,4.9,Present
1326,13,2024-06-10,10:36,17:14,5.5,Present
1327,237,2024-06-03,,,,On Leave
1328,237,2024-06-04,08:18,17:54,7.5,Present
1329,237,2024-06-05,10:42,16:50,4.6,Present
1330,237,2024-06-06,09:55,,,Half Day
1331,237,2024-06-07,10:17,,,Half Day
1332,237,2024-06-10,10:35,18:52,4.2,Present
1333,192,2024-06-03,10:25,19:20,6.5,Present
1334,192,2024-06-04,09:14,19:20,8.2,Present
1335,192,2024-06-05,08:00,19:08,4.4,Present
1336,192,2024-06-06,10:43,,,Half Day
1337,192,2024-06-07,08:21,19:00,4.9,Present
1338,192,2024-06-10,09:31,16:14,4.8,Present
1339,195,2024-06-03,10:05,,,Half Day
1340,195,2024-06-04,10:54,17:29,6.7,Present
1341,195,2024-06-05,08:24,,,Half Day
1342,195,2024-06-06,08:39,19:17,8.9,Present
1343,195,2024-06-07,08:35,18:20,5.8,Present
1344,195,2024-06-10,10:12,17:49,9.0,Present
1345,75,2024-06-03,08:44,17:42,4.6,Present
1346,75,2024-06-04,09:43,,,Half Day
1347,75,2024-06-05,10:07,17:02,7.1,Present
1348,75,2024-06-06,,,,Absent
1349,75,2024-06-07,09:20,19:03,5.4,Present
1350,75,2024-06-10,09:16,16:51,7.8,Present
1351,50,2024-06-03,08:23,16:56,4.6,Present
1352,50,2024-06-04,08:18,16:14,7.4,Present
1353,50,2024-06-05,10:46,,,Half Day
1354,50,2024-06-06,08:04,16:08,5.2,Present
1355,50,2024-06-07,10:10,16:13,6.8,Present
1356,50,2024-06-10,08:59,18:59,8.4,Present
1357,27,2024-06-03,08:18,17:31,5.2,Present
1358,27,2024-06-04,08:06,18:50,8.7,Present
1359,27,2024-06-05,09:54,16:03,7.5,Present
1360,27,2024-06-06,10:21,17:43,4.7,Present
1361,27,2024-06-07,09:39,19:32,7.2,Present
1362,27,2024-06-10,,,,On Leave
1363,66,2024-06-03,10:34,16:51,5.5,Present
1364,66,2024-06-04,08:40,18:53,4.6,Present
1365,66,2024-06-05,10:19,16:39,8.3,Present
1366,66,2024-06-06,10:50,16:31,6.0,Present
1367,66,2024-06-07,08:38,16:06,5.7,Present
1368,66,2024-06-10,,,,Absent
1369,122,2024-06-03,08:52,19:44,6.2,Present
1370,122,2024-06-04,10:18,16:59,4.0,Present
1371,122,2024-06-05,09:43,,,Half Day
1372,122,2024-06-06,,,,On Leave
1373,122,2024-06-07,,,,Absent
1374,122,2024-06-10,08:26,18:42,5.7,Present
1375,238,2024-06-03,,,,On Leave
1376,238,2024-06-04,08:40,16:39,6.7,Present
1377,238,2024-06-05,10:31,17:27,7.8,Present
1378,238,2024-06-06,10:42,17:39,6.3,Present
1379,238,2024-06-07,10:46,17:03,7.7,Present
1380,238,2024-06-10,09:22,19:44,7.7,Present
1381,88,2024-06-03,08:56,19:28,8.7,Present
1382,88,2024-06-04,08:29,18:51,5.4,Present
1383,88,2024-06-05,08:01,18:36,6.3,Present
1384,88,2024-06-06,08:15,17:19,7.9,Present
1385,88,2024-06-07,08:29,17:01,6.0,Present
1386,88,2024-06-10,10:32,19:35,8.2,Present
1387,220,2024-06-03,,,,Absent
1388,220,2024-06-04,08:45,17:52,7.5,Present
1389,220,2024-06-05,09:18,16:17,4.1,Present
1390,220,2024-06-06,08:27,19:50,8.9,Present
1391,220,2024-06-07,09:43,16:06,5.6,Present
1392,220,2024-06-10,10:08,17:21,8.0,Present
1393,37,2024-06-03,08:39,16:26,4.1,Present
1394,37,2024-06-04,10:47,17:45,6.2,Present
1395,37,2024-06-05,09:02,18:42,7.7,Present
1396,37,2024-06-06,09:43,16:53,6.4,Present
1397,37,2024-06-07,08:25,16:20,8.1,Present
1398,37,2024-06-10,09:14,17:34,5.5,Present
1399,265,2024-06-03,10:40,17:26,7.0,Present
1400,265,2024-06-04,10:12,17:07,4.3,Present
1401,265,2024-06-05,08:32,18:44,4.8,Present
1402,265,2024-06-06,09:16,18:39,6.6,Present
1403,265,2024-06-07,,,,On Leave
1404,265,2024-06-10,08:21,18:27,5.8,Present
1405,61,2024-06-03,09:05,19:47,5.3,Present
1406,61,2024-06-04,10:49,18:02,5.3,Present
1407,61,2024-06-05,10:42,,,Half Day
1408,61,2024-06-06,09:55,17:48,7.4,Present
1409,61,2024-06-07,09:20,18:17,8.7,Present
1410,61,2024-06-10,10:13,16:53,4.5,Present
1411,276,2024-06-03,10:36,18:59,8.5,Present
1412,276,2024-06-04,09:58,17:11,8.2,Present
1413,276,2024-06-05,10:40,18:42,6.5,Present
1414,276,2024-06-06,09:09,19:58,8.5,Present
1415,276,2024-06-07,09:47,17:00,8.3,Present
1416,276,2024-06-10,09:52,18:01,6.8,Present
1417,221,2024-06-03,09:28,19:45,5.4,Present
1418,221,2024-06-04,08:34,,,Half Day
1419,221,2024-06-05,08:32,16:00,9.0,Present
1420,221,2024-06-06,,,,On Leave
1421,221,2024-06-07,10:48,17:22,4.5,Present
1422,221,2024-06-10,10:37,18:24,4.8,Present
1423,41,2024-06-03,,,,On Leave
1424,41,2024-06-04,,,,On Leave
1425,41,2024-06-05,09:23,18:24,5.1,Present
1426,41,2024-06-06,08:00,16:59,7.4,Present
1427,41,2024-06-07,,,,Absent
1428,41,2024-06-10,,,,Absent
1429,115,2024-06-03,10:54,16:05,5.7,Present
1430,115,2024-06-04,,,,Absent
1431,115,2024-06-05,10:57,18:53,8.9,Present
1432,115,2024-06-06,09:36,18:54,4.5,Present
1433,115,2024-06-07,10:58,,,Half Day
1434,115,2024-06-10,08:21,17:44,6.5,Present
1435,146,2024-06-03,10:24,17:23,7.8,Present
1436,146,2024-06-04,09:44,,,Half Day
1437,146,2024-06-05,09:07,19:58,8.1,Present
1438,146,2024-06-06,09:48,18:57,6.3,Present
1439,146,2024-06-07,09:13,17:24,5.8,Present
1440,146,2024-06-10,08:28,16:05,4.3,Present
1441,280,2024-06-03,09:29,19:38,5.1,Present
1442,280,2024-06-04,08:17,,,Half Day
1443,280,2024-06-05,10:26,,,Half Day
1444,280,2024-06-06,08:19,,,Half Day
1445,280,2024-06-07,09:38,17:32,8.5,Present
1446,280,2024-06-10,09:11,17:31,7.0,Present
1447,79,2024-06-03,09:40,18:04,6.5,Present
1448,79,2024-06-04,10:15,19:47,8.7,Present
1449,79,2024-06-05,09:34,19:30,5.9,Present
1450,79,2024-06-06,09:13,18:47,9.0,Present
1451,79,2024-06-07,09:59,16:27,7.4,Present
1452,79,2024-06-10,,,,Absent
1453,287,2024-06-03,09:39,16:40,7.4,Present
1454,287,2024-06-04,09:24,18:35,7.9,Present
1455,287,2024-06-05,08:33,18:54,6.3,Present
1456,287,2024-06-06,09:51,16:13,8.3,Present
1457,287,2024-06-07,08:42,,,Half Day
1458,287,2024-06-10,09:08,19:25,4.9,Present
1459,190,2024-06-03,10:40,17:05,6.3,Present
1460,190,2024-06-04,10:21,19:26,6.3,Present
1461,190,2024-06-05,,,,On Leave
1462,190,2024-06-06,10:49,16:59,6.4,Present
1463,190,2024-06-07,10:31,17:59,7.9,Present
1464,190,2024-06-10,09:45,19:26,4.4,Present
1465,15,2024-06-03,10:27,19:22,7.5,Present
1466,15,2024-06-04,09:40,16:26,5.3,Present
1467,15,2024-06-05,08:25,,,Half Day
1468,15,2024-06-06,10:42,17:52,5.0,Present
1469,15,2024-06-07,10:45,,,Half Day
1470,15,2024-06-10,09:46,19:11,5.3,Present
1471,6,2024-06-03,08:29,19:17,6.7,Present
1472,6,2024-06-04,09:06,,,Half Day
1473,6,2024-06-05,10:40,16:01,6.9,Present
1474,6,2024-06-06,09:58,,,Half Day
1475,6,2024-06-07,10:51,16:35,5.2,Present
1476,6,2024-06-10,08:31,16:14,7.2,Present
1477,218,2024-06-03,09:25,19:30,4.0,Present
1478,218,2024-06-04,08:41,16:34,7.9,Present
1479,218,2024-06-05,10:12,19:03,6.0,Present
1480,218,2024-06-06,08:19,18:26,7.7,Present
1481,218,2024-06-07,08:53,17:00,8.7,Present
1482,218,2024-06-10,,,,Absent
1483,133,2024-06-03,09:33,19:13,6.8,Present
1484,133,2024-06-04,08:59,18:03,8.0,Present
1485,133,2024-06-05,08:59,19:04,6.0,Present
1486,133,2024-06-06,10:06,17:51,4.0,Present
1487,133,2024-06-07,09:33,18:12,6.9,Present
1488,133,2024-06-10,10:51,16:18,7.9,Present
1489,293,2024-06-03,10:35,16:20,8.2,Present
1490,293,2024-06-04,09:55,19:23,6.6,Present
1491,293,2024-06-05,,,,On Leave
1492,293,2024-06-06,08:10,18:48,6.9,Present
1493,293,2024-06-07,08:52,17:34,7.0,Present
1494,293,2024-06-10,09:36,17:21,7.3,Present
1495,159,2024-06-03,09:43,18:21,7.9,Present
1496,159,2024-06-04,10:56,16:21,8.3,Present
1497,159,2024-06-05,08:41,16:07,7.0,Present
1498,159,2024-06-06,08:25,16:49,5.4,Present
1499,159,2024-06-07,10:28,17:53,5.5,Present
1500,159,2024-06-10,09:27,17:27,5.1,Present
1501,222,2024-06-03,08:33,16:26,5.0,Present
1502,222,2024-06-04,10:27,17:56,4.4,Present
1503,222,2024-06-05,08:48,17:55,6.8,Present
1504,222,2024-06-06,10:40,17:25,6.9,Present
1505,222,2024-06-07,09:02,16:50,4.6,Present
1506,222,2024-06-10,10:15,18:13,4.6,Present
1507,233,2024-06-03,,,,Absent
1508,233,2024-06-04,08:12,18:25,4.9,Present
1509,233,2024-06-05,09:52,,,Half Day
1510,233,2024-06-06,09:28,16:49,8.0,Present
1511,233,2024-06-07,09:31,18:39,4.6,Present
1512,233,2024-06-10,10:34,19:00,5.9,Present
1513,224,2024-06-03,10:28,17:50,7.3,Present
1514,224,2024-06-04,08:09,18:23,6.0,Present
1515,224,2024-06-05,09:56,17:57,4.6,Present
1516,224,2024-06-06,,,,Absent
1517,224,2024-06-07,10:37,16:30,4.1,Present
1518,224,2024-06-10,10:36,19:02,6.7,Present
1519,241,2024-06-03,09:16,17:41,8.6,Present
1520,241,2024-06-04,,,,On Leave
1521,241,2024-06-05,08:17,18:41,8.7,Present
1522,241,2024-06-06,09:44,,,Half Day
1523,241,2024-06-07,09:56,19:13,5.2,Present
1524,241,2024-06-10,10:05,16:48,7.5,Present
1525,74,2024-06-03,08:43,17:13,4.3,Present
1526,74,2024-06-04,08:56,19:31,4.8,Present
1527,74,2024-06-05,09:14,16:34,4.4,Present
1528,74,2024-06-06,08:12,18:01,5.0,Present
1529,74,2024-06-07,08:02,19:09,6.5,Present
1530,74,2024-06-10,10:33,16:17,4.7,Present
1531,279,2024-06-03,10:21,,,Half Day
1532,279,2024-06-04,,,,Absent
1533,279,2024-06-05,10:04,,,Half Day
1534,279,2024-06-06,10:46,17:37,4.8,Present
1535,279,2024-06-07,,,,Absent
1536,279,2024-06-10,08:40,,,Half Day
1537,17,2024-06-03,10:22,19:14,5.0,Present
1538,17,2024-06-04,,,,Absent
1539,17,2024-06-05,09:24,19:59,8.6,Present
1540,17,2024-06-06,10:25,17:39,5.0,Present
1541,17,2024-06-07,,,,On Leave
1542,17,2024-06-10,08:30,16:15,8.5,Present
1543,193,2024-06-03,,,,On Leave
1544,193,2024-06-04,09:54,19:54,8.9,Present
1545,193,2024-06-05,10:21,16:33,6.6,Present
1546,193,2024-06-06,10:28,16:18,5.3,Present
1547,193,2024-06-07,09:49,18:16,4.8,Present
1548,193,2024-06-10,10:32,19:40,5.3,Present
1549,185,2024-06-03,10:17,17:54,6.7,Present
1550,185,2024-06-04,09:43,19:53,8.0,Present
1551,185,2024-06-05,09:47,17:00,8.4,Present
1552,185,2024-06-06,09:52,16:58,6.7,Present
1553,185,2024-06-07,09:23,17:36,5.1,Present
1554,185,2024-06-10,10:35,18:49,5.9,Present
1555,207,2024-06-03,09:50,16:01,8.3,Present
1556,207,2024-06-04,08:30,16:37,6.6,Present
1557,207,2024-06-05,09:48,18:18,7.7,Present
1558,207,2024-06-06,10:37,,,Half Day
1559,207,2024-06-07,09:40,,,Half Day
1560,207,2024-06-10,08:50,16:58,7.7,Present
1561,65,2024-06-03,09:14,18:28,8.0,Present
1562,65,2024-06-04,10:24,19:32,4.2,Present
1563,65,2024-06-05,09:41,16:22,7.2,Present
1564,65,2024-06-06,,,,Absent
1565,65,2024-06-07,09:50,17:37,4.9,Present
1566,65,2024-06-10,09:37,16:18,6.7,Present
1567,275,2024-06-03,09:20,17:06,7.3,Present
1568,275,2024-06-04,08:49,16:22,6.6,Present
1569,275,2024-06-05,10:25,18:51,5.9,Present
1570,275,2024-06-06,09:54,16:24,5.6,Present
1571,275,2024-06-07,09:06,19:57,6.8,Present
1572,275,2024-06-10,09:49,16:01,5.6,Present
1573,235,2024-06-03,08:26,17:54,5.4,Present
1574,235,2024-06-04,08:11,18:58,7.8,Present
1575,235,2024-06-05,09:34,19:21,8.2,Present
1576,235,2024-06-06,10:24,19:25,6.3,Present
1577,235,2024-06-07,08:14,17:55,4.5,Present
1578,235,2024-06-10,10:10,18:20,6.8,Present
1579,175,2024-06-03,09:30,18:57,5.3,Present
1580,175,2024-06-04,10:43,18:04,7.0,Present
1581,175,2024-06-05,08:44,17:30,7.7,Present
1582,175,2024-06-06,10:37,,,Half Day
1583,175,2024-06-07,10:09,17:31,4.5,Present
1584,175,2024-06-10,09:00,17:12,5.1,Present
1585,151,2024-06-03,08:17,19:45,9.0,Present
1586,151,2024-06-04,09:50,17:08,5.4,Present
1587,151,2024-06-05,09:59,18:34,7.7,Present
1588,151,2024-06-06,08:27,17:22,6.9,Present
1589,151,2024-06-07,10:53,,,Half Day
1590,151,2024-06-10,09:04,18:04,4.6,Present
1591,1,2024-06-03,09:28,19:53,4.6,Present
1592,1,2024-06-04,10:20,17:33,4.3,Present
1593,1,2024-06-05,08:41,19:32,7.8,Present
1594,1,2024-06-06,08:05,,,Half Day
1595,1,2024-06-07,10:04,17:35,5.2,Present
1596,1,2024-06-10,10:43,18:02,8.2,Present
1597,200,2024-06-03,10:52,16:42,6.6,Present
1598,200,2024-06-04,09:42,,,Half Day
1599,200,2024-06-05,10:34,19:18,7.2,Present
1600,200,2024-06-06,10:19,16:54,8.6,Present
1601,200,2024-06-07,09:49,18:10,8.2,Present
1602,200,2024-06-10,09:40,18:59,7.1,Present
1603,161,2024-06-03,09:59,19:42,5.7,Present
1604,161,2024-06-04,08:48,19:26,6.8,Present
1605,161,2024-06-05,09:41,17:48,7.0,Present
1606,161,2024-06-06,09:52,16:55,9.0,Present
1607,161,2024-06-07,08:31,17:12,8.0,Present
1608,161,2024-06-10,,,,On Leave
1609,286,2024-06-03,08:33,16:38,7.2,Present
1610,286,2024-06-04,10:36,16:49,8.8,Present
1611,286,2024-06-05,09:08,19:14,5.8,Present
1612,286,2024-06-06,10:08,16:20,6.4,Present
1613,286,2024-06-07,09:52,18:45,5.4,Present
1614,286,2024-06-10,08:36,19:05,8.0,Present
1615,270,2024-06-03,09:09,19:01,4.2,Present
1616,270,2024-06-04,09:10,18:27,9.0,Present
1617,270,2024-06-05,08:40,17:55,4.8,Present
1618,270,2024-06-06,09:18,17:29,6.1,Present
1619,270,2024-06-07,10:09,16:27,6.1,Present
1620,270,2024-06-10,09:58,19:56,7.2,Present
1621,68,2024-06-03,09:03,17:28,8.9,Present
1622,68,2024-06-04,08:52,16:36,8.5,Present
1623,68,2024-06-05,,,,On Leave
1624,68,2024-06-06,10:56,,,Half Day
1625,68,2024-06-07,09:14,17:21,7.9,Present
1626,68,2024-06-10,09:44,17:29,4.5,Present
1627,228,2024-06-03,10:49,16:53,7.4,Present
1628,228,2024-06-04,10:22,,,Half Day
1629,228,2024-06-05,10:41,,,Half Day
1630,228,2024-06-06,08:44,16:45,7.6,Present
1631,228,2024-06-07,,,,Absent
1632,228,2024-06-10,10:35,19:51,5.6,Present
1633,36,2024-06-03,08:23,16:33,7.2,Present
1634,36,2024-06-04,08:38,17:29,6.6,Present
1635,36,2024-06-05,10:29,16:36,5.8,Present
1636,36,2024-06-06,09:53,17:48,4.5,Present
1637,36,2024-06-07,,,,On Leave
1638,36,2024-06-10,,,,Absent
1639,295,2024-06-03,09:45,16:50,6.9,Present
1640,295,2024-06-04,09:41,18:57,6.2,Present
1641,295,2024-06-05,10:02,16:12,8.5,Present
1642,295,2024-06-06,10:59,,,Half Day
1643,295,2024-06-07,08:59,18:27,8.2,Present
1644,295,2024-06-10,08:09,19:40,5.5,Present
1645,31,2024-06-03,10:12,19:41,6.1,Present
1646,31,2024-06-04,08:46,,,Half Day
1647,31,2024-06-05,09:30,,,Half Day
1648,31,2024-06-06,08:09,19:43,4.1,Present
1649,31,2024-06-07,09:57,17:39,4.6,Present
1650,31,2024-06-10,08:57,17:24,4.7,Present
1651,261,2024-06-03,,,,On Leave
1652,261,2024-06-04,,,,On Leave
1653,261,2024-06-05,08:55,16:16,7.6,Present
1654,261,2024-06-06,,,,Absent
1655,261,2024-06-07,08:09,19:08,9.0,Present
1656,261,2024-06-10,10:01,17:07,6.9,Present
1657,284,2024-06-03,10:21,17:23,6.9,Present
1658,284,2024-06-04,09:59,17:43,6.1,Present
1659,284,2024-06-05,10:18,19:33,8.6,Present
1660,284,2024-06-06,10:57,,,Half Day
1661,284,2024-06-07,09:43,16:38,6.6,Present
1662,284,2024-06-10,10:13,17:36,4.6,Present
1663,93,2024-06-03,08:48,17:35,6.6,Present
1664,93,2024-06-04,08:39,17:45,7.5,Present
1665,93,2024-06-05,09:05,17:56,6.6,Present
1666,93,2024-06-06,09:18,18:01,8.0,Present
1667,93,2024-06-07,09:31,18:22,5.0,Present
1668,93,2024-06-10,08:58,17:26,8.9,Present
1669,82,2024-06-03,09:02,17:46,7.2,Present
1670,82,2024-06-04,08:17,16:00,7.5,Present
1671,82,2024-06-05,09:52,,,Half Day
1672,82,2024-06-06,10:36,19:31,7.8,Present
1673,82,2024-06-07,10:24,16:00,5.4,Present
1674,82,2024-06-10,09:48,18:21,6.5,Present
1675,38,2024-06-03,09:55,18:14,6.3,Present
1676,38,2024-06-04,08:57,19:54,8.5,Present
1677,38,2024-06-05,09:12,19:09,5.3,Present
1678,38,2024-06-06,09:46,16:10,8.6,Present
1679,38,2024-06-07,10:20,16:18,7.2,Present
1680,38,2024-06-10,08:26,17:59,8.4,Present
1681,16,2024-06-03,08:49,17:22,7.6,Present
1682,16,2024-06-04,08:55,18:47,8.7,Present
1683,16,2024-06-05,09:58,16:32,8.6,Present
1684,16,2024-06-06,10:50,19:01,8.7,Present
1685,16,2024-06-07,08:04,17:55,6.5,Present
1686,16,2024-06-10,09:53,19:35,8.1,Present
1687,3,2024-06-03,08:57,19:24,7.0,Present
1688,3,2024-06-04,08:00,18:46,8.6,Present
1689,3,2024-06-05,10:15,16:34,8.5,Present
1690,3,2024-06-06,09:49,19:38,5.4,Present
1691,3,2024-06-07,08:51,18:50,4.5,Present
1692,3,2024-06-10,10:00,19:48,4.3,Present
1693,299,2024-06-03,09:40,,,Half Day
1694,299,2024-06-04,08:29,16:57,5.9,Present
1695,299,2024-06-05,09:02,16:49,7.0,Present
1696,299,2024-06-06,08:59,18:15,6.2,Present
1697,299,2024-06-07,08:29,19:47,5.3,Present
1698,299,2024-06-10,10:33,18:30,6.9,Present
1699,219,2024-06-03,08:04,16:23,7.7,Present
1700,219,2024-06-04,10:04,19:19,5.1,Present
1701,219,2024-06-05,10:37,17:33,6.7,Present
1702,219,2024-06-06,09:00,16:37,6.3,Present
1703,219,2024-06-07,,,,Absent
1704,219,2024-06-10,10:35,,,Half Day
1705,154,2024-06-03,08:49,19:46,5.8,Present
1706,154,2024-06-04,10:43,,,Half Day
1707,154,2024-06-05,,,,On Leave
1708,154,2024-06-06,08:40,17:03,7.4,Present
1709,154,2024-06-07,09:53,19:53,6.7,Present
1710,154,2024-06-10,,,,Absent
1711,12,2024-06-03,09:55,18:06,7.7,Present
1712,12,2024-06-04,08:02,17:59,4.8,Present
1713,12,2024-06-05,09:25,17:01,6.1,Present
1714,12,2024-06-06,08:39,17:26,7.9,Present
1715,12,2024-06-07,09:45,16:46,8.3,Present
1716,12,2024-06-10,10:44,17:38,6.0,Present
1717,206,2024-06-03,10:43,16:11,6.2,Present
1718,206,2024-06-04,10:47,17:53,8.4,Present
1719,206,2024-06-05,08:04,18:06,7.1,Present
1720,206,2024-06-06,10:27,18:41,7.9,Present
1721,206,2024-06-07,09:29,17:37,8.8,Present
1722,206,2024-06-10,09:29,17:27,5.2,Present
1723,32,2024-06-03,08:08,17:01,5.6,Present
1724,32,2024-06-04,09:08,19:03,4.2,Present
1725,32,2024-06-05,10:40,16:56,4.9,Present
1726,32,2024-06-06,08:30,,,Half Day
1727,32,2024-06-07,10:52,16:59,8.1,Present
1728,32,2024-06-10,08:05,17:16,7.1,Present
1729,217,2024-06-03,10:50,19:22,8.7,Present
1730,217,2024-06-04,08:03,,,Half Day
1731,217,2024-06-05,09:51,18:21,4.9,Present
1732,217,2024-06-06,10:22,,,Half Day
1733,217,2024-06-07,08:37,16:04,7.0,Present
1734,217,2024-06-10,08:20,16:32,8.0,Present
1735,10,2024-06-03,08:44,16:53,8.4,Present
1736,10,2024-06-04,09:01,,,Half Day
1737,10,2024-06-05,09:06,17:52,4.8,Present
1738,10,2024-06-06,08:53,,,Half Day
1739,10,2024-06-07,08:57,19:49,7.8,Present
1740,10,2024-06-10,10:11,19:29,8.0,Present
1741,46,2024-06-03,08:37,19:15,6.8,Present
1742,46,2024-06-04,10:06,18:38,8.8,Present
1743,46,2024-06-05,08:38,16:02,5.4,Present
1744,46,2024-06-06,08:16,19:45,6.7,Present
1745,46,2024-06-07,08:50,19:20,7.8,Present
1746,46,2024-06-10,10:22,17:50,8.8,Present
1747,8,2024-06-03,08:21,16:52,4.8,Present
1748,8,2024-06-04,08:26,17:19,8.6,Present
1749,8,2024-06-05,10:47,16:22,4.9,Present
1750,8,2024-06-06,08:46,18:30,5.7,Present
1751,8,2024-06-07,,,,Absent
1752,8,2024-06-10,10:54,16:57,6.4,Present
1753,184,2024-06-03,10:26,17:58,7.2,Present
1754,184,2024-06-04,09:53,,,Half Day
1755,184,2024-06-05,10:59,18:33,8.7,Present
1756,184,2024-06-06,08:06,18:22,6.3,Present
1757,184,2024-06-07,08:28,19:23,6.4,Present
1758,184,2024-06-10,,,,On Leave
1759,277,2024-06-03,08:58,19:04,4.3,Present
1760,277,2024-06-04,,,,Absent
1761,277,2024-06-05,08:18,17:49,7.8,Present
1762,277,2024-06-06,09:13,18:14,6.8,Present
1763,277,2024-06-07,10:04,18:39,8.1,Present
1764,277,2024-06-10,08:00,19:59,8.3,Present
1765,227,2024-06-03,09:56,,,Half Day
1766,227,2024-06-04,09:38,16:03,8.1,Present
1767,227,2024-06-05,09:45,19:20,5.6,Present
1768,227,2024-06-06,09:33,16:16,5.5,Present
1769,227,2024-06-07,10:16,18:26,7.7,Present
1770,227,2024-06-10,09:11,19:49,5.1,Present
1771,189,2024-06-03,08:37,,,Half Day
1772,189,2024-06-04,,,,On Leave
1773,189,2024-06-05,10:52,17:34,8.4,Present
1774,189,2024-06-06,09:58,18:05,5.6,Present
1775,189,2024-06-07,08:36,17:29,6.3,Present
1776,189,2024-06-10,,,,On Leave
1777,60,2024-06-03,08:23,19:07,8.6,Present
1778,60,2024-06-04,08:05,17:06,4.6,Present
1779,60,2024-06-05,,,,Absent
1780,60,2024-06-06,,,,On Leave
1781,60,2024-06-07,10:31,19:04,8.0,Present
1782,60,2024-06-10,10:38,19:42,7.5,Present
1783,181,2024-06-03,10:10,17:03,6.9,Present
1784,181,2024-06-04,09:30,,,Half Day
1785,181,2024-06-05,09:35,18:03,8.1,Present
1786,181,2024-06-06,10:00,19:11,7.2,Present
1787,181,2024-06-07,09:26,19:42,6.0,Present
1788,181,2024-06-10,08:26,16:59,8.0,Present
1789,267,2024-06-03,09:47,18:46,4.8,Present
1790,267,2024-06-04,10:29,17:29,7.2,Present
1791,267,2024-06-05,09:42,16:16,8.4,Present
1792,267,2024-06-06,08:17,16:26,8.8,Present
1793,267,2024-06-07,08:31,19:08,5.0,Present
1794,267,2024-06-10,10:28,17:02,6.8,Present
1795,111,2024-06-03,08:51,17:48,4.3,Present
1796,111,2024-06-04,08:21,16:54,8.2,Present
1797,111,2024-06-05,,,,On Leave
1798,111,2024-06-06,08:16,18:47,7.9,Present
1799,111,2024-06-07,08:05,17:49,6.2,Present
1800,111,2024-06-10,10:18,,,Half Day
