email_id,campaign_id,subject,sent_to_count,open_count,click_count,bounce_count,sent_at
1,21,Most short owner be prove,8131,14044,65,148,2023-01-14 08:50:00
2,9,West feel owner weight himself rise person attack,21499,9167,2138,201,2024-02-06 16:37:00
3,38,Everybody structure hour yourself your item should certain,14208,3329,2010,405,2023-11-25 15:05:00
4,29,Accept election why college their within these scene,28860,9011,2960,98,2024-11-05 08:37:00
5,40,Many half eight three skin maybe,18213,410,4296,376,2023-07-08 23:28:00
6,30,Seven out get and throw feeling later,10177,7731,3719,78,2024-11-12 00:39:00
7,9,Security pattern send,33105,7538,612,152,2022-01-01 00:54:00
8,44,Majority serve well tough sea traditional,19172,13058,3097,472,2023-06-10 01:33:00
9,32,Arm reality program,39921,8927,830,488,2024-08-29 07:27:00
10,8,Low represent stock manager establish sure amount,33854,8651,2771,230,2023-12-05 04:17:00
11,24,Black best professional actually maintain,11072,14988,947,199,2023-08-22 05:41:00
12,3,Camera rate because those glass food concern generation,45895,1578,918,376,2024-11-25 01:33:00
13,11,Response represent project cut,45503,13677,4960,166,2023-06-01 20:35:00
14,42,Set senior majority tonight,21381,2239,696,374,2022-06-17 20:08:00
15,8,Turn where quite institution this minute,45967,6024,4733,454,2023-09-30 13:15:00
16,13,Audience grow life realize half indeed indicate,16705,9258,888,384,2024-08-26 18:42:00
17,35,Increase worry through woman not inside,17040,2466,3596,500,2024-05-10 18:58:00
18,3,Hold imagine add notice have,7136,7700,3837,13,2024-02-08 19:41:00
19,4,Receive bring trade despite,45748,13135,2710,479,2023-04-14 06:29:00
20,4,Free worker cost end he avoid chance house,45422,2073,4920,324,2023-04-29 12:14:00
21,39,Attack campaign we political involve nothing,48873,10049,4292,412,2024-04-12 23:21:00
22,5,Newspaper service theory often network,17517,10543,1784,208,2023-05-29 13:11:00
23,37,Loss send medical paper impact cup occur,25471,11732,4695,28,2023-12-08 09:45:00
24,22,Around class phone employee daughter,12306,1272,4835,20,2022-12-07 12:30:00
25,8,Themselves writer Congress girl nor bad economy,12736,5277,4409,401,2023-07-17 00:18:00
26,32,Above building lot if true,27680,13327,487,259,2023-05-22 23:01:00
27,29,Book hospital win,16682,5453,2296,215,2022-04-09 00:47:00
28,32,Bed stay television during you prepare student guy,38592,7589,2092,30,2024-08-23 13:33:00
29,23,Difficult home information change cover including,25534,4469,2125,428,2022-11-08 10:50:00
30,22,Individual deal say make health per,38286,3831,2032,129,2024-12-26 16:24:00
31,37,Coach part finally assume son,21418,5101,3340,279,2022-05-04 00:08:00
32,12,Study report describe,1469,10950,3641,216,2023-07-17 12:23:00
33,13,Light adult sell final,5012,11650,4087,460,2024-02-05 22:56:00
34,40,Company know ten would debate soldier camera,22653,9315,3441,68,2024-08-27 08:08:00
35,14,Skin stuff ball news real,15687,4973,1010,457,2022-11-10 17:44:00
36,16,Actually drug wish about,19344,13509,1961,326,2024-08-21 00:15:00
37,30,Tax pull rest forget program including,22823,3112,3224,444,2024-05-03 16:23:00
38,31,Product no customer power,23850,3787,4901,33,2024-02-23 20:38:00
39,7,Report behind us maybe,12873,10234,2163,194,2023-04-18 07:08:00
40,31,Level somebody air vote,26148,6550,732,192,2023-03-22 19:32:00
41,18,Interest hotel hot result pattern lose,34807,1755,996,234,2022-11-07 04:21:00
42,8,Available east increase support ok evidence act,11933,13162,2672,246,2023-09-17 16:07:00
43,23,With man any community professional,14185,2992,2530,221,2022-04-17 20:24:00
44,15,Write air different guess generation,40172,8466,892,320,2024-12-09 00:33:00
45,22,Program blue cut report science,23498,4502,1418,17,2024-03-12 00:39:00
46,41,Suddenly large read increase,40185,11748,2056,312,2024-03-19 01:03:00
47,46,Old garden spend stock,32322,9023,4701,381,2023-06-13 18:49:00
48,49,Approach idea lawyer article smile,14563,5598,63,205,2022-07-20 15:29:00
49,12,Red significant form exist,13927,14734,4195,68,2022-03-06 14:22:00
50,5,Factor my authority green son outside measure medical,7914,3977,2467,286,2024-05-31 10:28:00
51,38,Training trade available building,27947,11624,4572,57,2022-01-25 07:11:00
52,4,Level market environmental become hundred be tax key,9502,2724,2132,1,2022-07-22 15:14:00
53,44,Case total coach card water seem,10996,9211,688,163,2023-10-22 22:19:00
54,14,Style pretty prevent remain,4727,2387,2139,324,2024-04-15 15:16:00
55,1,Project agency tax capital figure task oil,46363,119,2374,3,2023-09-08 07:28:00
56,36,Couple system sport science floor,7116,14271,2342,35,2022-08-28 18:23:00
57,34,Street would tell baby thing truth movie,31110,11810,1846,214,2022-04-13 13:44:00
58,15,Gas future since what trouble religious,17825,705,3050,500,2022-06-12 06:02:00
59,3,Surface recently organization result seat middle center decade,23400,7633,1534,119,2024-02-05 06:11:00
60,29,Where series series himself address bring,37543,1919,4169,87,2023-04-10 07:52:00
61,8,Beautiful PM air him no,27300,8016,982,214,2022-10-08 19:56:00
62,38,Provide important relationship manage among very,27707,12088,4519,33,2024-08-16 10:19:00
63,36,A cause total total,6625,4755,2424,418,2022-09-22 20:45:00
64,16,Nearly near want citizen serve,14890,5687,1284,341,2022-07-21 10:25:00
65,4,Pay how live without kitchen want current,9723,3607,1386,154,2024-10-12 09:58:00
66,26,Difference similar me would heart inside,35032,7914,4660,67,2024-10-08 02:35:00
67,23,Least beyond pick,23721,12120,594,117,2024-08-14 01:13:00
68,45,Girl process for,23533,11690,4771,231,2024-07-25 17:46:00
69,2,Stuff suffer open major almost,37123,8147,4156,324,2023-08-17 03:29:00
70,33,Hospital late over away economy,27893,14694,3870,316,2023-04-04 19:49:00
71,14,Accept watch yes establish international near mouth second,29032,9816,1813,292,2023-09-09 23:47:00
72,39,Responsibility anyone government why investment,38926,10920,2707,414,2024-10-04 05:01:00
73,9,Around claim defense behind,3865,3424,2602,83,2022-09-06 01:19:00
74,35,Song institution think campaign evening manager meet any,6805,1993,2134,477,2024-05-04 16:40:00
75,6,Nor middle figure,16385,14529,4383,434,2023-04-11 07:04:00
76,14,Single history story part,34814,7103,1639,350,2023-08-15 18:08:00
77,14,Shoulder actually agent trouble public whom understand,21703,11441,1110,381,2023-07-25 19:12:00
78,32,Decide media floor hotel truth remember piece,49507,13220,925,22,2023-07-25 03:29:00
79,26,Executive suddenly send discussion off wide never,12718,13251,4563,470,2023-11-12 22:57:00
80,7,Bit blue most watch her,920,4145,65,479,2022-05-25 13:17:00
81,3,Model century cut actually,48932,4429,218,116,2024-08-16 21:25:00
82,9,Call produce PM pressure report,8061,1861,4337,465,2022-02-11 13:39:00
83,3,Picture billion whom on among sense,18625,4057,4136,301,2022-06-13 03:19:00
84,42,Feel security official coach officer as consider north,34091,2459,582,311,2022-08-18 05:00:00
85,25,Person star already raise set cause newspaper report,10110,13363,2088,477,2023-08-12 02:33:00
86,21,Would home involve year hold close,49698,392,576,342,2024-05-03 13:46:00
87,19,Officer floor yet audience dark we finally,44359,1345,2794,420,2022-02-07 19:39:00
88,24,Nor stand like design leave,32906,12206,2714,197,2024-12-15 02:04:00
89,42,Protect present again beyond cultural,15485,4190,1829,39,2023-11-24 07:53:00
90,12,Claim series professor plant their,39893,3690,778,132,2023-04-21 19:08:00
91,48,Relationship Congress sell drug cold above business,34402,10637,1277,398,2022-11-17 06:23:00
92,46,Nice nearly bring development term,40452,13974,3298,124,2023-07-22 22:30:00
93,11,Spend meeting argue just,28626,2775,2222,428,2024-06-29 03:57:00
94,39,Image laugh author carry region them professor,49336,3874,4693,48,2024-05-11 10:57:00
95,11,Parent shake themselves arrive choose wide yard,29586,11092,3632,438,2023-02-12 00:34:00
96,31,Sound especially group person traditional draw,46473,2265,2074,449,2022-01-21 07:25:00
97,19,Decide actually just,34908,12353,340,6,2022-12-05 21:22:00
98,43,Lot organization poor entire others production company,19327,200,3544,363,2023-07-06 23:40:00
99,43,Game they ask type example success,25519,11015,3723,216,2024-01-20 02:31:00
100,10,Way recently behind seat first laugh she,32228,12231,4099,468,2023-10-04 07:10:00
