payroll_id,employee_id,pay_period,gross_salary,deductions,net_salary,payment_date
1,120,2024-01,16280.96,4837.49,11443.47,2024-01-28
2,120,2024-02,12928.15,3891.97,9036.18,2024-02-28
3,120,2024-03,16612.15,4885.54,11726.61,2024-03-28
4,120,2024-04,7256.61,1664.97,5591.64,2024-04-28
5,120,2024-05,12061.43,3192.57,8868.86,2024-05-28
6,120,2024-06,9374.64,3112.04,6262.6,2024-06-28
7,263,2024-01,16055.92,4555.3,11500.62,2024-01-28
8,263,2024-02,14379.56,3952.3,10427.26,2024-02-28
9,263,2024-03,17352.21,3496.88,13855.33,2024-03-28
10,263,2024-04,16323.94,3894.3,12429.64,2024-04-28
11,263,2024-05,17547.53,4972.21,12575.32,2024-05-28
12,263,2024-06,10292.58,3432.21,6860.37,2024-06-28
13,153,2024-01,15426.07,3972.49,11453.58,2024-01-28
14,153,2024-02,13104.39,3068.03,10036.36,2024-02-28
15,153,2024-03,10318.3,3227.69,7090.61,2024-03-28
16,153,2024-04,4325.81,1054.29,3271.52,2024-04-28
17,153,2024-05,5139.84,1771.05,3368.79,2024-05-28
18,153,2024-06,15907.36,4300.59,11606.77,2024-06-28
19,124,2024-01,13293.42,3819.29,9474.13,2024-01-28
20,124,2024-02,9567.59,2337.51,7230.08,2024-02-28
21,124,2024-03,6268.24,2065.66,4202.58,2024-03-28
22,124,2024-04,8449.92,2156.68,6293.24,2024-04-28
23,124,2024-05,3229.88,917.25,2312.63,2024-05-28
24,124,2024-06,3763.85,834.72,2929.13,2024-06-28
25,24,2024-01,12258.18,2485.59,9772.59,2024-01-28
26,24,2024-02,9397.94,2701.07,6696.87,2024-02-28
27,24,2024-03,7575.15,1737.51,5837.64,2024-03-28
28,24,2024-04,7727.03,2601.62,5125.41,2024-04-28
29,24,2024-05,6814.15,2192.23,4621.92,2024-05-28
30,24,2024-06,13318.91,3849.5,9469.41,2024-06-28
31,241,2024-01,6046.93,1780.08,4266.85,2024-01-28
32,241,2024-02,3570.32,1133.57,2436.75,2024-02-28
33,241,2024-03,3372.07,937.79,2434.28,2024-03-28
34,241,2024-04,5392.3,1340.04,4052.26,2024-04-28
35,241,2024-05,12674.66,2756.28,9918.38,2024-05-28
36,241,2024-06,13646.49,4090.56,9555.93,2024-06-28
37,292,2024-01,9629.29,2143.77,7485.52,2024-01-28
38,292,2024-02,5971.66,1199.73,4771.93,2024-02-28
39,292,2024-03,7434.02,2035.42,5398.6,2024-03-28
40,292,2024-04,14765.28,2981.3,11783.98,2024-04-28
41,292,2024-05,5601.91,1263.06,4338.85,2024-05-28
42,292,2024-06,7845.0,2646.62,5198.38,2024-06-28
43,250,2024-01,12911.13,2737.67,10173.46,2024-01-28
44,250,2024-02,6819.09,1459.26,5359.83,2024-02-28
45,250,2024-03,9318.92,3253.17,6065.75,2024-03-28
46,250,2024-04,11189.84,3761.15,7428.69,2024-04-28
47,250,2024-05,8196.42,2777.9,5418.52,2024-05-28
48,250,2024-06,10376.8,2489.24,7887.56,2024-06-28
49,169,2024-01,3473.7,897.1,2576.6,2024-01-28
50,169,2024-02,17661.98,4722.28,12939.7,2024-02-28
51,169,2024-03,3542.58,1118.41,2424.17,2024-03-28
52,169,2024-04,7022.43,1578.0,5444.43,2024-04-28
53,169,2024-05,4704.17,1073.44,3630.73,2024-05-28
54,169,2024-06,6062.49,1899.2,4163.29,2024-06-28
55,193,2024-01,12164.71,3173.96,8990.75,2024-01-28
56,193,2024-02,12458.77,2684.85,9773.92,2024-02-28
57,193,2024-03,14412.61,4957.01,9455.6,2024-03-28
58,193,2024-04,16339.4,4599.16,11740.24,2024-04-28
59,193,2024-05,15020.29,3957.74,11062.55,2024-05-28
60,193,2024-06,12914.39,3268.53,9645.86,2024-06-28
61,299,2024-01,17283.35,3810.85,13472.5,2024-01-28
62,299,2024-02,3913.6,1276.27,2637.33,2024-02-28
63,299,2024-03,8741.51,2255.04,6486.47,2024-03-28
64,299,2024-04,13812.79,4496.17,9316.62,2024-04-28
65,299,2024-05,17999.57,4615.15,13384.42,2024-05-28
66,299,2024-06,9953.04,3209.75,6743.29,2024-06-28
67,134,2024-01,8736.22,2180.86,6555.36,2024-01-28
68,134,2024-02,3716.06,888.97,2827.09,2024-02-28
69,134,2024-03,8294.87,2585.53,5709.34,2024-03-28
70,134,2024-04,4166.38,1375.07,2791.31,2024-04-28
71,134,2024-05,16285.49,4003.88,12281.61,2024-05-28
72,134,2024-06,14914.42,4835.64,10078.78,2024-06-28
73,91,2024-01,11603.89,3303.83,8300.06,2024-01-28
74,91,2024-02,8342.73,2773.27,5569.46,2024-02-28
75,91,2024-03,16209.45,4649.56,11559.89,2024-03-28
76,91,2024-04,5559.48,1472.09,4087.39,2024-04-28
77,91,2024-05,3124.27,869.0,2255.27,2024-05-28
78,91,2024-06,12429.65,3911.69,8517.96,2024-06-28
79,61,2024-01,4606.03,1085.93,3520.1,2024-01-28
80,61,2024-02,13142.76,2930.43,10212.33,2024-02-28
81,61,2024-03,13252.17,2930.63,10321.54,2024-03-28
82,61,2024-04,6691.72,2280.7,4411.02,2024-04-28
83,61,2024-05,13088.68,4041.13,9047.55,2024-05-28
84,61,2024-06,14418.49,3613.3,10805.19,2024-06-28
85,285,2024-01,11466.29,3216.39,8249.9,2024-01-28
86,285,2024-02,17467.83,5749.8,11718.03,2024-02-28
87,285,2024-03,11441.97,3754.78,7687.19,2024-03-28
88,285,2024-04,3529.85,890.7,2639.15,2024-04-28
89,285,2024-05,10951.25,2527.26,8423.99,2024-05-28
90,285,2024-06,12070.95,4224.2,7846.75,2024-06-28
91,63,2024-01,3640.59,1198.23,2442.36,2024-01-28
92,63,2024-02,5921.43,2046.53,3874.9,2024-02-28
93,63,2024-03,10334.79,3445.97,6888.82,2024-03-28
94,63,2024-04,14009.28,3939.27,10070.01,2024-04-28
95,63,2024-05,15177.83,3552.36,11625.47,2024-05-28
96,63,2024-06,16518.86,4021.13,12497.73,2024-06-28
97,17,2024-01,4569.05,1209.04,3360.01,2024-01-28
98,17,2024-02,10121.35,3226.3,6895.05,2024-02-28
99,17,2024-03,11887.06,3618.52,8268.54,2024-03-28
100,17,2024-04,16064.84,4614.65,11450.19,2024-04-28
101,17,2024-05,12700.36,3939.25,8761.11,2024-05-28
102,17,2024-06,7925.73,2589.25,5336.48,2024-06-28
103,34,2024-01,16217.26,4651.04,11566.22,2024-01-28
104,34,2024-02,3525.06,892.19,2632.87,2024-02-28
105,34,2024-03,10275.54,3552.6,6722.94,2024-03-28
106,34,2024-04,14392.73,3630.6,10762.13,2024-04-28
107,34,2024-05,13599.97,2769.97,10830.0,2024-05-28
108,34,2024-06,9547.4,3260.96,6286.44,2024-06-28
109,270,2024-01,17915.56,5973.84,11941.72,2024-01-28
110,270,2024-02,6708.51,1799.15,4909.36,2024-02-28
111,270,2024-03,9509.82,2197.61,7312.21,2024-03-28
112,270,2024-04,12652.75,2996.84,9655.91,2024-04-28
113,270,2024-05,14575.61,4939.13,9636.48,2024-05-28
114,270,2024-06,7761.42,2484.8,5276.62,2024-06-28
115,242,2024-01,9197.28,2425.25,6772.03,2024-01-28
116,242,2024-02,7716.96,2602.19,5114.77,2024-02-28
117,242,2024-03,12373.98,3520.14,8853.84,2024-03-28
118,242,2024-04,5700.85,1489.86,4210.99,2024-04-28
119,242,2024-05,5460.97,1482.0,3978.97,2024-05-28
120,242,2024-06,5510.99,1320.82,4190.17,2024-06-28
121,143,2024-01,6425.43,2013.77,4411.66,2024-01-28
122,143,2024-02,5859.83,1929.4,3930.43,2024-02-28
123,143,2024-03,12236.99,3495.45,8741.54,2024-03-28
124,143,2024-04,17824.39,4437.73,13386.66,2024-04-28
125,143,2024-05,9082.5,2254.02,6828.48,2024-05-28
126,143,2024-06,15086.34,3264.4,11821.94,2024-06-28
127,237,2024-01,17046.23,3570.05,13476.18,2024-01-28
128,237,2024-02,6503.6,1487.24,5016.36,2024-02-28
129,237,2024-03,16391.75,4254.91,12136.84,2024-03-28
130,237,2024-04,12778.16,2997.78,9780.38,2024-04-28
131,237,2024-05,17239.87,5465.48,11774.39,2024-05-28
132,237,2024-06,9659.37,3106.44,6552.93,2024-06-28
133,86,2024-01,11209.64,3319.63,7890.01,2024-01-28
134,86,2024-02,14228.06,2916.88,11311.18,2024-02-28
135,86,2024-03,8313.34,2561.73,5751.61,2024-03-28
136,86,2024-04,4301.23,926.88,3374.35,2024-04-28
137,86,2024-05,14886.6,3334.92,11551.68,2024-05-28
138,86,2024-06,7020.39,2315.71,4704.68,2024-06-28
139,47,2024-01,9416.4,2222.72,7193.68,2024-01-28
140,47,2024-02,6755.29,2021.44,4733.85,2024-02-28
141,47,2024-03,9937.45,2783.65,7153.8,2024-03-28
142,47,2024-04,4010.74,1385.7,2625.04,2024-04-28
143,47,2024-05,10882.97,2605.59,8277.38,2024-05-28
144,47,2024-06,7308.64,1668.32,5640.32,2024-06-28
145,117,2024-01,15892.32,4326.4,11565.92,2024-01-28
146,117,2024-02,4789.8,1272.25,3517.55,2024-02-28
147,117,2024-03,11423.07,2994.08,8428.99,2024-03-28
148,117,2024-04,3980.69,1238.26,2742.43,2024-04-28
149,117,2024-05,7304.25,1879.11,5425.14,2024-05-28
150,117,2024-06,16452.19,3352.56,13099.63,2024-06-28
151,54,2024-01,6074.59,1635.22,4439.37,2024-01-28
152,54,2024-02,10222.14,3257.51,6964.63,2024-02-28
153,54,2024-03,6434.34,1618.7,4815.64,2024-03-28
154,54,2024-04,4815.63,1558.93,3256.7,2024-04-28
155,54,2024-05,7854.34,1982.03,5872.31,2024-05-28
156,54,2024-06,17015.54,5625.73,11389.81,2024-06-28
157,286,2024-01,9780.97,3331.27,6449.7,2024-01-28
158,286,2024-02,5909.92,1759.89,4150.03,2024-02-28
159,286,2024-03,14676.6,4062.17,10614.43,2024-03-28
160,286,2024-04,7902.24,1789.21,6113.03,2024-04-28
161,286,2024-05,9036.35,2448.97,6587.38,2024-05-28
162,286,2024-06,13892.29,2807.2,11085.09,2024-06-28
163,82,2024-01,16022.66,4460.75,11561.91,2024-01-28
164,82,2024-02,12066.28,2817.95,9248.33,2024-02-28
165,82,2024-03,5915.16,1293.56,4621.6,2024-03-28
166,82,2024-04,11205.12,2856.03,8349.09,2024-04-28
167,82,2024-05,10606.54,3704.97,6901.57,2024-05-28
168,82,2024-06,4560.74,1167.68,3393.06,2024-06-28
169,198,2024-01,9503.54,2640.68,6862.86,2024-01-28
170,198,2024-02,17519.68,5842.91,11676.77,2024-02-28
171,198,2024-03,14883.05,3567.32,11315.73,2024-03-28
172,198,2024-04,4027.94,1218.73,2809.21,2024-04-28
173,198,2024-05,3566.21,1221.36,2344.85,2024-05-28
174,198,2024-06,4947.89,1200.61,3747.28,2024-06-28
175,183,2024-01,9032.2,2775.96,6256.24,2024-01-28
176,183,2024-02,11336.2,3596.55,7739.65,2024-02-28
177,183,2024-03,9483.45,2561.42,6922.03,2024-03-28
178,183,2024-04,6934.54,1779.61,5154.93,2024-04-28
179,183,2024-05,16912.58,5441.27,11471.31,2024-05-28
180,183,2024-06,9862.67,3102.95,6759.72,2024-06-28
181,226,2024-01,9508.96,2189.37,7319.59,2024-01-28
182,226,2024-02,6928.62,1588.54,5340.08,2024-02-28
183,226,2024-03,4405.33,937.49,3467.84,2024-03-28
184,226,2024-04,9771.35,2150.23,7621.12,2024-04-28
185,226,2024-05,5275.56,1639.22,3636.34,2024-05-28
186,226,2024-06,10801.47,3773.43,7028.04,2024-06-28
187,159,2024-01,7582.93,1524.27,6058.66,2024-01-28
188,159,2024-02,6438.13,2037.25,4400.88,2024-02-28
189,159,2024-03,12632.83,4018.09,8614.74,2024-03-28
190,159,2024-04,6447.85,1838.62,4609.23,2024-04-28
191,159,2024-05,12817.98,3336.21,9481.77,2024-05-28
192,159,2024-06,10351.25,2466.3,7884.95,2024-06-28
193,199,2024-01,5773.82,1568.12,4205.7,2024-01-28
194,199,2024-02,11412.97,3949.81,7463.16,2024-02-28
195,199,2024-03,11324.75,2427.62,8897.13,2024-03-28
196,199,2024-04,16166.84,5478.56,10688.28,2024-04-28
197,199,2024-05,10125.96,2224.92,7901.04,2024-05-28
198,199,2024-06,13479.79,3981.22,9498.57,2024-06-28
199,4,2024-01,15147.47,4803.9,10343.57,2024-01-28
200,4,2024-02,4548.98,961.1,3587.88,2024-02-28
201,4,2024-03,8180.33,1890.73,6289.6,2024-03-28
202,4,2024-04,11694.59,2979.27,8715.32,2024-04-28
203,4,2024-05,10557.8,2506.01,8051.79,2024-05-28
204,4,2024-06,16987.86,3622.76,13365.1,2024-06-28
205,112,2024-01,8962.88,1877.89,7084.99,2024-01-28
206,112,2024-02,3770.3,888.95,2881.35,2024-02-28
207,112,2024-03,10554.87,2226.03,8328.84,2024-03-28
208,112,2024-04,13889.59,4359.72,9529.87,2024-04-28
209,112,2024-05,9826.15,1984.89,7841.26,2024-05-28
210,112,2024-06,10663.5,2628.19,8035.31,2024-06-28
211,30,2024-01,17911.47,4850.63,13060.84,2024-01-28
212,30,2024-02,9204.56,2794.86,6409.7,2024-02-28
213,30,2024-03,6763.13,1868.8,4894.33,2024-03-28
214,30,2024-04,3057.01,930.02,2126.99,2024-04-28
215,30,2024-05,6722.72,1433.36,5289.36,2024-05-28
216,30,2024-06,10211.58,2156.49,8055.09,2024-06-28
217,68,2024-01,10966.29,3294.05,7672.24,2024-01-28
218,68,2024-02,9663.44,2851.25,6812.19,2024-02-28
219,68,2024-03,12026.06,3379.41,8646.65,2024-03-28
220,68,2024-04,16585.61,4728.54,11857.07,2024-04-28
221,68,2024-05,17126.52,5982.83,11143.69,2024-05-28
222,68,2024-06,14656.41,4893.98,9762.43,2024-06-28
223,109,2024-01,17483.13,5575.68,11907.45,2024-01-28
224,109,2024-02,14807.21,4396.81,10410.4,2024-02-28
225,109,2024-03,10753.39,2592.47,8160.92,2024-03-28
226,109,2024-04,11582.59,2750.74,8831.85,2024-04-28
227,109,2024-05,7750.53,2512.18,5238.35,2024-05-28
228,109,2024-06,9326.16,2587.89,6738.27,2024-06-28
229,55,2024-01,5229.67,1788.36,3441.31,2024-01-28
230,55,2024-02,14644.24,3022.73,11621.51,2024-02-28
231,55,2024-03,5510.9,1350.59,4160.31,2024-03-28
232,55,2024-04,10675.19,2293.78,8381.41,2024-04-28
233,55,2024-05,13186.77,3311.19,9875.58,2024-05-28
234,55,2024-06,14996.55,4511.03,10485.52,2024-06-28
235,69,2024-01,14821.35,4637.11,10184.24,2024-01-28
236,69,2024-02,6467.98,1344.03,5123.95,2024-02-28
237,69,2024-03,13425.3,3688.53,9736.77,2024-03-28
238,69,2024-04,3440.38,1038.57,2401.81,2024-04-28
239,69,2024-05,7191.58,1968.21,5223.37,2024-05-28
240,69,2024-06,17924.59,4329.55,13595.04,2024-06-28
241,37,2024-01,17754.37,5811.26,11943.11,2024-01-28
242,37,2024-02,11420.4,3989.14,7431.26,2024-02-28
243,37,2024-03,6829.85,1814.2,5015.65,2024-03-28
244,37,2024-04,17878.3,5954.29,11924.01,2024-04-28
245,37,2024-05,5376.92,1871.61,3505.31,2024-05-28
246,37,2024-06,6023.19,1583.94,4439.25,2024-06-28
247,251,2024-01,7274.52,1942.04,5332.48,2024-01-28
248,251,2024-02,10556.86,2749.05,7807.81,2024-02-28
249,251,2024-03,6211.0,1660.21,4550.79,2024-03-28
250,251,2024-04,12698.1,3598.94,9099.16,2024-04-28
251,251,2024-05,13539.53,3682.04,9857.49,2024-05-28
252,251,2024-06,6320.48,2023.63,4296.85,2024-06-28
253,59,2024-01,14966.44,4024.16,10942.28,2024-01-28
254,59,2024-02,9108.41,2782.84,6325.57,2024-02-28
255,59,2024-03,17613.42,4020.0,13593.42,2024-03-28
256,59,2024-04,16140.08,4890.25,11249.83,2024-04-28
257,59,2024-05,12609.33,3857.0,8752.33,2024-05-28
258,59,2024-06,9114.59,2600.86,6513.73,2024-06-28
259,230,2024-01,11731.94,3097.19,8634.75,2024-01-28
260,230,2024-02,14589.07,3556.33,11032.74,2024-02-28
261,230,2024-03,13470.57,3893.66,9576.91,2024-03-28
262,230,2024-04,6765.12,1575.57,5189.55,2024-04-28
263,230,2024-05,16315.68,4253.5,12062.18,2024-05-28
264,230,2024-06,13625.47,4105.61,9519.86,2024-06-28
265,9,2024-01,10134.41,3295.16,6839.25,2024-01-28
266,9,2024-02,8572.94,2718.98,5853.96,2024-02-28
267,9,2024-03,16592.9,4580.97,12011.93,2024-03-28
268,9,2024-04,8303.18,2087.4,6215.78,2024-04-28
269,9,2024-05,9793.3,3008.22,6785.08,2024-05-28
270,9,2024-06,16337.94,4155.21,12182.73,2024-06-28
271,79,2024-01,5071.44,1477.86,3593.58,2024-01-28
272,79,2024-02,17468.08,4817.09,12650.99,2024-02-28
273,79,2024-03,9209.98,2582.1,6627.88,2024-03-28
274,79,2024-04,13217.11,4238.73,8978.38,2024-04-28
275,79,2024-05,16679.86,3815.98,12863.88,2024-05-28
276,79,2024-06,7374.56,2073.72,5300.84,2024-06-28
277,46,2024-01,11483.56,2582.99,8900.57,2024-01-28
278,46,2024-02,14378.75,4788.17,9590.58,2024-02-28
279,46,2024-03,8659.95,2098.37,6561.58,2024-03-28
280,46,2024-04,7030.1,1748.1,5282.0,2024-04-28
281,46,2024-05,5736.23,1863.65,3872.58,2024-05-28
282,46,2024-06,8849.07,2619.9,6229.17,2024-06-28
283,181,2024-01,5331.09,1854.76,3476.33,2024-01-28
284,181,2024-02,15180.18,3430.09,11750.09,2024-02-28
285,181,2024-03,7993.0,2749.12,5243.88,2024-03-28
286,181,2024-04,11330.87,3817.91,7512.96,2024-04-28
287,181,2024-05,16697.08,5240.44,11456.64,2024-05-28
288,181,2024-06,13849.27,4769.41,9079.86,2024-06-28
289,274,2024-01,9572.38,2504.66,7067.72,2024-01-28
290,274,2024-02,14460.85,4170.0,10290.85,2024-02-28
291,274,2024-03,3038.31,987.77,2050.54,2024-03-28
292,274,2024-04,10618.92,3429.02,7189.9,2024-04-28
293,274,2024-05,17353.71,4262.12,13091.59,2024-05-28
294,274,2024-06,10362.7,2212.48,8150.22,2024-06-28
295,223,2024-01,5351.46,1560.71,3790.75,2024-01-28
296,223,2024-02,15329.8,5222.44,10107.36,2024-02-28
297,223,2024-03,10687.61,2739.22,7948.39,2024-03-28
298,223,2024-04,7785.32,1697.34,6087.98,2024-04-28
299,223,2024-05,10860.14,3437.29,7422.85,2024-05-28
300,223,2024-06,4525.1,1465.36,3059.74,2024-06-28
301,36,2024-01,9937.77,3449.37,6488.4,2024-01-28
302,36,2024-02,15999.39,5234.91,10764.48,2024-02-28
303,36,2024-03,14194.38,3279.57,10914.81,2024-03-28
304,36,2024-04,14860.54,4484.35,10376.19,2024-04-28
305,36,2024-05,6523.66,1913.86,4609.8,2024-05-28
306,36,2024-06,3484.18,1050.26,2433.92,2024-06-28
307,127,2024-01,14915.12,4298.66,10616.46,2024-01-28
308,127,2024-02,5724.16,1919.12,3805.04,2024-02-28
309,127,2024-03,3989.39,1360.66,2628.73,2024-03-28
310,127,2024-04,8602.2,2190.69,6411.51,2024-04-28
311,127,2024-05,7790.15,1910.08,5880.07,2024-05-28
312,127,2024-06,8670.4,2559.42,6110.98,2024-06-28
313,220,2024-01,11328.66,3918.37,7410.29,2024-01-28
314,220,2024-02,13282.29,3983.97,9298.32,2024-02-28
315,220,2024-03,13044.57,4085.19,8959.38,2024-03-28
316,220,2024-04,14763.24,3825.81,10937.43,2024-04-28
317,220,2024-05,16071.73,4027.7,12044.03,2024-05-28
318,220,2024-06,7718.19,1786.97,5931.22,2024-06-28
319,81,2024-01,13756.12,4325.85,9430.27,2024-01-28
320,81,2024-02,15571.62,3384.8,12186.82,2024-02-28
321,81,2024-03,11583.66,2328.25,9255.41,2024-03-28
322,81,2024-04,3430.23,908.11,2522.12,2024-04-28
323,81,2024-05,8692.92,1890.41,6802.51,2024-05-28
324,81,2024-06,16179.06,5187.21,10991.85,2024-06-28
325,135,2024-01,15922.38,4760.77,11161.61,2024-01-28
326,135,2024-02,5905.18,1251.27,4653.91,2024-02-28
327,135,2024-03,8677.0,1762.53,6914.47,2024-03-28
328,135,2024-04,13393.7,3267.96,10125.74,2024-04-28
329,135,2024-05,13404.29,3438.07,9966.22,2024-05-28
330,135,2024-06,9945.34,2869.04,7076.3,2024-06-28
331,140,2024-01,10653.98,2599.6,8054.38,2024-01-28
332,140,2024-02,6452.15,1958.69,4493.46,2024-02-28
333,140,2024-03,16182.38,4176.02,12006.36,2024-03-28
334,140,2024-04,12297.02,3292.31,9004.71,2024-04-28
335,140,2024-05,9872.56,3228.76,6643.8,2024-05-28
336,140,2024-06,8429.08,2182.96,6246.12,2024-06-28
337,142,2024-01,3250.54,921.49,2329.05,2024-01-28
338,142,2024-02,7024.83,2458.18,4566.65,2024-02-28
339,142,2024-03,9268.82,2371.97,6896.85,2024-03-28
340,142,2024-04,6532.0,1820.69,4711.31,2024-04-28
341,142,2024-05,5361.02,1578.54,3782.48,2024-05-28
342,142,2024-06,12120.01,3494.48,8625.53,2024-06-28
343,296,2024-01,9528.52,2477.78,7050.74,2024-01-28
344,296,2024-02,13889.02,3916.85,9972.17,2024-02-28
345,296,2024-03,14720.91,5013.91,9707.0,2024-03-28
346,296,2024-04,15192.81,3301.36,11891.45,2024-04-28
347,296,2024-05,9993.79,2478.79,7515.0,2024-05-28
348,296,2024-06,11339.61,2758.55,8581.06,2024-06-28
349,224,2024-01,7336.89,1489.0,5847.89,2024-01-28
350,224,2024-02,9285.54,2167.79,7117.75,2024-02-28
351,224,2024-03,7587.1,2023.76,5563.34,2024-03-28
352,224,2024-04,8004.66,1766.76,6237.9,2024-04-28
353,224,2024-05,14147.0,3086.04,11060.96,2024-05-28
354,224,2024-06,11456.34,2705.64,8750.7,2024-06-28
355,21,2024-01,9752.77,2033.24,7719.53,2024-01-28
356,21,2024-02,5470.73,1631.61,3839.12,2024-02-28
357,21,2024-03,16407.69,3794.17,12613.52,2024-03-28
358,21,2024-04,3330.3,989.05,2341.25,2024-04-28
359,21,2024-05,7368.3,1711.78,5656.52,2024-05-28
360,21,2024-06,17092.56,5178.64,11913.92,2024-06-28
361,137,2024-01,4271.5,980.71,3290.79,2024-01-28
362,137,2024-02,17904.5,5495.73,12408.77,2024-02-28
363,137,2024-03,7955.38,2115.57,5839.81,2024-03-28
364,137,2024-04,12162.46,2488.24,9674.22,2024-04-28
365,137,2024-05,3613.8,823.34,2790.46,2024-05-28
366,137,2024-06,9016.13,2860.33,6155.8,2024-06-28
367,273,2024-01,15788.99,4477.0,11311.99,2024-01-28
368,273,2024-02,4966.8,1179.27,3787.53,2024-02-28
369,273,2024-03,8723.85,2019.23,6704.62,2024-03-28
370,273,2024-04,9286.46,2479.59,6806.87,2024-04-28
371,273,2024-05,10903.21,2504.61,8398.6,2024-05-28
372,273,2024-06,13466.87,4001.04,9465.83,2024-06-28
373,157,2024-01,8554.35,2949.0,5605.35,2024-01-28
374,157,2024-02,3789.09,814.11,2974.98,2024-02-28
375,157,2024-03,8984.03,2410.55,6573.48,2024-03-28
376,157,2024-04,17315.92,6052.18,11263.74,2024-04-28
377,157,2024-05,12093.09,3878.03,8215.06,2024-05-28
378,157,2024-06,12846.42,3809.79,9036.63,2024-06-28
379,208,2024-01,14150.73,4357.39,9793.34,2024-01-28
380,208,2024-02,4989.0,1649.07,3339.93,2024-02-28
381,208,2024-03,8745.46,2035.23,6710.23,2024-03-28
382,208,2024-04,4193.48,1103.94,3089.54,2024-04-28
383,208,2024-05,7704.12,2441.59,5262.53,2024-05-28
384,208,2024-06,11739.32,2556.13,9183.19,2024-06-28
385,43,2024-01,4982.71,1622.48,3360.23,2024-01-28
386,43,2024-02,7586.08,1817.59,5768.49,2024-02-28
387,43,2024-03,3358.68,753.98,2604.7,2024-03-28
388,43,2024-04,13572.95,4513.14,9059.81,2024-04-28
389,43,2024-05,7167.46,1754.03,5413.43,2024-05-28
390,43,2024-06,11397.27,3539.02,7858.25,2024-06-28
391,7,2024-01,5073.71,1654.38,3419.33,2024-01-28
392,7,2024-02,9703.08,2772.3,6930.78,2024-02-28
393,7,2024-03,17339.41,4080.52,13258.89,2024-03-28
394,7,2024-04,8829.79,2410.85,6418.94,2024-04-28
395,7,2024-05,14497.99,4032.41,10465.58,2024-05-28
396,7,2024-06,15617.68,4539.28,11078.4,2024-06-28
397,107,2024-01,11746.86,3411.04,8335.82,2024-01-28
398,107,2024-02,3122.34,983.23,2139.11,2024-02-28
399,107,2024-03,10773.26,2529.47,8243.79,2024-03-28
400,107,2024-04,16693.68,5809.99,10883.69,2024-04-28
401,107,2024-05,7455.27,2094.07,5361.2,2024-05-28
402,107,2024-06,6590.25,1895.44,4694.81,2024-06-28
403,56,2024-01,14188.28,4751.29,9436.99,2024-01-28
404,56,2024-02,7279.53,1513.71,5765.82,2024-02-28
405,56,2024-03,7221.78,1759.62,5462.16,2024-03-28
406,56,2024-04,9996.97,2278.7,7718.27,2024-04-28
407,56,2024-05,3799.44,838.37,2961.07,2024-05-28
408,56,2024-06,7502.35,1887.13,5615.22,2024-06-28
409,235,2024-01,5258.42,1493.96,3764.46,2024-01-28
410,235,2024-02,3956.16,1148.22,2807.94,2024-02-28
411,235,2024-03,6788.17,2199.93,4588.24,2024-03-28
412,235,2024-04,5446.64,1477.61,3969.03,2024-04-28
413,235,2024-05,16572.46,4448.98,12123.48,2024-05-28
414,235,2024-06,17702.14,5856.09,11846.05,2024-06-28
415,248,2024-01,6685.32,1461.32,5224.0,2024-01-28
416,248,2024-02,6788.26,2170.05,4618.21,2024-02-28
417,248,2024-03,6588.51,1857.44,4731.07,2024-03-28
418,248,2024-04,17723.73,6045.46,11678.27,2024-04-28
419,248,2024-05,3464.86,856.24,2608.62,2024-05-28
420,248,2024-06,10847.92,3143.18,7704.74,2024-06-28
421,67,2024-01,13338.56,4020.17,9318.39,2024-01-28
422,67,2024-02,3279.05,976.59,2302.46,2024-02-28
423,67,2024-03,8581.18,2353.14,6228.04,2024-03-28
424,67,2024-04,9885.76,3297.86,6587.9,2024-04-28
425,67,2024-05,10045.38,2053.38,7992.0,2024-05-28
426,67,2024-06,5870.84,1750.14,4120.7,2024-06-28
427,265,2024-01,12361.27,4026.14,8335.13,2024-01-28
428,265,2024-02,12009.46,2714.15,9295.31,2024-02-28
429,265,2024-03,7834.64,2705.0,5129.64,2024-03-28
430,265,2024-04,9777.75,2853.09,6924.66,2024-04-28
431,265,2024-05,17948.7,6261.61,11687.09,2024-05-28
432,265,2024-06,13374.2,3285.67,10088.53,2024-06-28
433,98,2024-01,13147.55,3407.35,9740.2,2024-01-28
434,98,2024-02,6672.42,2098.22,4574.2,2024-02-28
435,98,2024-03,10188.03,2774.79,7413.24,2024-03-28
436,98,2024-04,10781.61,2449.52,8332.09,2024-04-28
437,98,2024-05,9095.79,2418.99,6676.8,2024-05-28
438,98,2024-06,14478.53,4041.36,10437.17,2024-06-28
439,89,2024-01,4050.03,1358.0,2692.03,2024-01-28
440,89,2024-02,14932.96,4701.5,10231.46,2024-02-28
441,89,2024-03,8884.93,2831.34,6053.59,2024-03-28
442,89,2024-04,4790.7,965.58,3825.12,2024-04-28
443,89,2024-05,5968.25,1859.91,4108.34,2024-05-28
444,89,2024-06,9151.12,2246.21,6904.91,2024-06-28
445,283,2024-01,15288.96,4240.5,11048.46,2024-01-28
446,283,2024-02,7547.38,2200.11,5347.27,2024-02-28
447,283,2024-03,9036.0,2303.64,6732.36,2024-03-28
448,283,2024-04,15375.86,4382.94,10992.92,2024-04-28
449,283,2024-05,9787.63,3099.35,6688.28,2024-05-28
450,283,2024-06,6374.97,1558.94,4816.03,2024-06-28
451,222,2024-01,17456.74,5593.65,11863.09,2024-01-28
452,222,2024-02,15256.89,5261.66,9995.23,2024-02-28
453,222,2024-03,12747.59,3098.81,9648.78,2024-03-28
454,222,2024-04,4979.34,1483.41,3495.93,2024-04-28
455,222,2024-05,8704.36,1804.06,6900.3,2024-05-28
456,222,2024-06,11113.12,2274.97,8838.15,2024-06-28
457,276,2024-01,4143.85,938.56,3205.29,2024-01-28
458,276,2024-02,10965.56,2603.55,8362.01,2024-02-28
459,276,2024-03,6819.94,1883.34,4936.6,2024-03-28
460,276,2024-04,10989.53,3709.72,7279.81,2024-04-28
461,276,2024-05,14847.85,4281.87,10565.98,2024-05-28
462,276,2024-06,15342.28,3886.24,11456.04,2024-06-28
463,236,2024-01,15877.38,3940.8,11936.58,2024-01-28
464,236,2024-02,7332.53,1856.85,5475.68,2024-02-28
465,236,2024-03,10869.55,3183.13,7686.42,2024-03-28
466,236,2024-04,11980.03,2464.92,9515.11,2024-04-28
467,236,2024-05,4194.47,945.48,3248.99,2024-05-28
468,236,2024-06,6277.18,1339.68,4937.5,2024-06-28
469,102,2024-01,16591.97,3649.49,12942.48,2024-01-28
470,102,2024-02,7507.0,2570.69,4936.31,2024-02-28
471,102,2024-03,16385.13,3578.92,12806.21,2024-03-28
472,102,2024-04,7698.91,2066.59,5632.32,2024-04-28
473,102,2024-05,10710.44,2570.87,8139.57,2024-05-28
474,102,2024-06,15022.85,4046.04,10976.81,2024-06-28
475,23,2024-01,10759.04,3727.03,7032.01,2024-01-28
476,23,2024-02,4397.94,1414.46,2983.48,2024-02-28
477,23,2024-03,10205.62,3287.49,6918.13,2024-03-28
478,23,2024-04,13923.45,4543.06,9380.39,2024-04-28
479,23,2024-05,14141.43,3246.9,10894.53,2024-05-28
480,23,2024-06,6622.63,1561.97,5060.66,2024-06-28
481,244,2024-01,7930.88,2702.82,5228.06,2024-01-28
482,244,2024-02,12233.28,4106.42,8126.86,2024-02-28
483,244,2024-03,3298.85,932.62,2366.23,2024-03-28
484,244,2024-04,6847.46,1698.67,5148.79,2024-04-28
485,244,2024-05,8906.07,2286.46,6619.61,2024-05-28
486,244,2024-06,9212.54,2984.33,6228.21,2024-06-28
487,146,2024-01,13027.29,2947.91,10079.38,2024-01-28
488,146,2024-02,11629.23,3776.07,7853.16,2024-02-28
489,146,2024-03,13723.63,3494.03,10229.6,2024-03-28
490,146,2024-04,13970.37,3383.64,10586.73,2024-04-28
491,146,2024-05,3208.35,679.12,2529.23,2024-05-28
492,146,2024-06,7603.81,2246.53,5357.28,2024-06-28
493,27,2024-01,17068.01,5951.49,11116.52,2024-01-28
494,27,2024-02,16316.17,4899.01,11417.16,2024-02-28
495,27,2024-03,12576.61,3210.69,9365.92,2024-03-28
496,27,2024-04,5108.3,1217.54,3890.76,2024-04-28
497,27,2024-05,17987.46,4594.33,13393.13,2024-05-28
498,27,2024-06,16398.17,4170.06,12228.11,2024-06-28
499,3,2024-01,9442.32,1978.47,7463.85,2024-01-28
500,3,2024-02,15273.1,4887.87,10385.23,2024-02-28
501,3,2024-03,6305.72,1979.34,4326.38,2024-03-28
502,3,2024-04,7206.7,2499.45,4707.25,2024-04-28
503,3,2024-05,9824.42,2220.6,7603.82,2024-05-28
504,3,2024-06,6904.64,2079.88,4824.76,2024-06-28
505,148,2024-01,4141.89,1202.39,2939.5,2024-01-28
506,148,2024-02,15331.46,4246.08,11085.38,2024-02-28
507,148,2024-03,5593.28,1945.62,3647.66,2024-03-28
508,148,2024-04,16472.75,3577.53,12895.22,2024-04-28
509,148,2024-05,7501.15,1736.69,5764.46,2024-05-28
510,148,2024-06,8009.19,1856.55,6152.64,2024-06-28
511,227,2024-01,16147.31,4781.11,11366.2,2024-01-28
512,227,2024-02,15383.27,3867.78,11515.49,2024-02-28
513,227,2024-03,13726.23,4430.47,9295.76,2024-03-28
514,227,2024-04,4880.58,1697.55,3183.03,2024-04-28
515,227,2024-05,13025.27,3431.19,9594.08,2024-05-28
516,227,2024-06,14219.18,2848.81,11370.37,2024-06-28
517,58,2024-01,13403.46,3708.44,9695.02,2024-01-28
518,58,2024-02,15535.33,3685.12,11850.21,2024-02-28
519,58,2024-03,17360.27,4791.74,12568.53,2024-03-28
520,58,2024-04,17532.52,4702.1,12830.42,2024-04-28
521,58,2024-05,7996.39,1686.82,6309.57,2024-05-28
522,58,2024-06,14084.58,3360.54,10724.04,2024-06-28
523,25,2024-01,3650.51,1098.43,2552.08,2024-01-28
524,25,2024-02,12276.57,3381.56,8895.01,2024-02-28
525,25,2024-03,14028.55,2844.55,11184.0,2024-03-28
526,25,2024-04,13482.04,3779.71,9702.33,2024-04-28
527,25,2024-05,17531.04,5267.75,12263.29,2024-05-28
528,25,2024-06,3776.86,951.26,2825.6,2024-06-28
529,11,2024-01,17006.56,5362.62,11643.94,2024-01-28
530,11,2024-02,9265.02,2341.25,6923.77,2024-02-28
531,11,2024-03,4967.1,1292.58,3674.52,2024-03-28
532,11,2024-04,3346.25,984.13,2362.12,2024-04-28
533,11,2024-05,9461.36,2028.11,7433.25,2024-05-28
534,11,2024-06,17201.91,5303.4,11898.51,2024-06-28
535,5,2024-01,14569.5,3906.81,10662.69,2024-01-28
536,5,2024-02,12587.66,2811.2,9776.46,2024-02-28
537,5,2024-03,6576.02,1316.25,5259.77,2024-03-28
538,5,2024-04,4782.5,1340.4,3442.1,2024-04-28
539,5,2024-05,8678.77,2032.44,6646.33,2024-05-28
540,5,2024-06,14457.34,4588.55,9868.79,2024-06-28
541,18,2024-01,7071.98,2299.02,4772.96,2024-01-28
542,18,2024-02,4915.69,995.25,3920.44,2024-02-28
543,18,2024-03,7806.26,2349.01,5457.25,2024-03-28
544,18,2024-04,3917.72,1365.22,2552.5,2024-04-28
545,18,2024-05,14694.4,4550.88,10143.52,2024-05-28
546,18,2024-06,6160.57,1763.45,4397.12,2024-06-28
547,118,2024-01,17011.32,3524.31,13487.01,2024-01-28
548,118,2024-02,10082.6,2767.44,7315.16,2024-02-28
549,118,2024-03,3226.39,1057.6,2168.79,2024-03-28
550,118,2024-04,13268.1,3811.59,9456.51,2024-04-28
551,118,2024-05,15736.98,3713.68,12023.3,2024-05-28
552,118,2024-06,7073.5,2190.45,4883.05,2024-06-28
553,155,2024-01,12486.75,4268.46,8218.29,2024-01-28
554,155,2024-02,14190.14,3176.59,11013.55,2024-02-28
555,155,2024-03,8825.52,1798.34,7027.18,2024-03-28
556,155,2024-04,7962.37,2027.58,5934.79,2024-04-28
557,155,2024-05,13634.96,4172.69,9462.27,2024-05-28
558,155,2024-06,17090.25,5276.17,11814.08,2024-06-28
559,294,2024-01,8738.61,1941.28,6797.33,2024-01-28
560,294,2024-02,10574.85,3077.81,7497.04,2024-02-28
561,294,2024-03,8572.01,2738.75,5833.26,2024-03-28
562,294,2024-04,13998.53,3729.01,10269.52,2024-04-28
563,294,2024-05,13371.64,4347.72,9023.92,2024-05-28
564,294,2024-06,15153.97,4381.69,10772.28,2024-06-28
565,277,2024-01,12035.44,3802.38,8233.06,2024-01-28
566,277,2024-02,6112.81,1249.6,4863.21,2024-02-28
567,277,2024-03,13230.58,2803.79,10426.79,2024-03-28
568,277,2024-04,11092.45,3064.51,8027.94,2024-04-28
569,277,2024-05,14427.89,4069.27,10358.62,2024-05-28
570,277,2024-06,10961.32,2499.41,8461.91,2024-06-28
571,194,2024-01,16210.33,5528.31,10682.02,2024-01-28
572,194,2024-02,3226.89,1055.1,2171.79,2024-02-28
573,194,2024-03,8101.59,1839.19,6262.4,2024-03-28
574,194,2024-04,16035.97,4433.32,11602.65,2024-04-28
575,194,2024-05,12059.98,3349.84,8710.14,2024-05-28
576,194,2024-06,3181.76,1043.91,2137.85,2024-06-28
577,83,2024-01,11412.82,3245.44,8167.38,2024-01-28
578,83,2024-02,15204.35,4480.33,10724.02,2024-02-28
579,83,2024-03,11827.7,3726.1,8101.6,2024-03-28
580,83,2024-04,10839.45,2825.11,8014.34,2024-04-28
581,83,2024-05,14902.04,4526.85,10375.19,2024-05-28
582,83,2024-06,3265.89,874.06,2391.83,2024-06-28
583,284,2024-01,7384.99,2439.75,4945.24,2024-01-28
584,284,2024-02,5360.48,1328.9,4031.58,2024-02-28
585,284,2024-03,14196.55,4202.88,9993.67,2024-03-28
586,284,2024-04,3053.16,706.44,2346.72,2024-04-28
587,284,2024-05,5348.14,1149.37,4198.77,2024-05-28
588,284,2024-06,11014.36,3258.37,7755.99,2024-06-28
589,214,2024-01,9708.78,2699.63,7009.15,2024-01-28
590,214,2024-02,15338.03,3190.59,12147.44,2024-02-28
591,214,2024-03,11696.48,3866.89,7829.59,2024-03-28
592,214,2024-04,12967.96,2660.81,10307.15,2024-04-28
593,214,2024-05,8121.02,2819.83,5301.19,2024-05-28
594,214,2024-06,16593.89,3432.39,13161.5,2024-06-28
595,225,2024-01,9005.83,3009.14,5996.69,2024-01-28
596,225,2024-02,16668.16,5550.5,11117.66,2024-02-28
597,225,2024-03,17713.08,4095.68,13617.4,2024-03-28
598,225,2024-04,3313.05,860.85,2452.2,2024-04-28
599,225,2024-05,6895.53,1930.37,4965.16,2024-05-28
600,225,2024-06,10200.16,2797.29,7402.87,2024-06-28
601,164,2024-01,12208.16,2517.51,9690.65,2024-01-28
602,164,2024-02,7468.08,2383.54,5084.54,2024-02-28
603,164,2024-03,15370.41,4870.2,10500.21,2024-03-28
604,164,2024-04,3195.46,868.05,2327.41,2024-04-28
605,164,2024-05,12531.76,3585.63,8946.13,2024-05-28
606,164,2024-06,4210.6,1184.08,3026.52,2024-06-28
607,44,2024-01,12362.14,3719.75,8642.39,2024-01-28
608,44,2024-02,4811.89,1092.93,3718.96,2024-02-28
609,44,2024-03,14359.35,4503.05,9856.3,2024-03-28
610,44,2024-04,10324.46,2343.35,7981.11,2024-04-28
611,44,2024-05,13216.95,3929.98,9286.97,2024-05-28
612,44,2024-06,14024.62,4105.82,9918.8,2024-06-28
613,40,2024-01,12452.97,4223.7,8229.27,2024-01-28
614,40,2024-02,16398.1,3482.68,12915.42,2024-02-28
615,40,2024-03,12579.32,4368.66,8210.66,2024-03-28
616,40,2024-04,9226.63,2427.01,6799.62,2024-04-28
617,40,2024-05,10251.24,3574.11,6677.13,2024-05-28
618,40,2024-06,10330.71,2954.28,7376.43,2024-06-28
619,50,2024-01,8198.52,2184.46,6014.06,2024-01-28
620,50,2024-02,9304.5,2049.56,7254.94,2024-02-28
621,50,2024-03,13515.09,2753.58,10761.51,2024-03-28
622,50,2024-04,6719.48,2305.15,4414.33,2024-04-28
623,50,2024-05,16516.34,5190.78,11325.56,2024-05-28
624,50,2024-06,5891.63,1754.01,4137.62,2024-06-28
625,245,2024-01,4128.53,1064.91,3063.62,2024-01-28
626,245,2024-02,12533.09,3493.39,9039.7,2024-02-28
627,245,2024-03,5677.1,1416.89,4260.21,2024-03-28
628,245,2024-04,17837.55,6068.95,11768.6,2024-04-28
629,245,2024-05,3891.22,1335.52,2555.7,2024-05-28
630,245,2024-06,7428.09,2385.17,5042.92,2024-06-28
631,167,2024-01,8747.77,2244.96,6502.81,2024-01-28
632,167,2024-02,13436.0,3112.04,10323.96,2024-02-28
633,167,2024-03,3565.25,915.09,2650.16,2024-03-28
634,167,2024-04,15042.73,3343.32,11699.41,2024-04-28
635,167,2024-05,15859.9,3731.38,12128.52,2024-05-28
636,167,2024-06,8967.33,1982.18,6985.15,2024-06-28
637,211,2024-01,4960.55,1729.69,3230.86,2024-01-28
638,211,2024-02,8729.77,2714.28,6015.49,2024-02-28
639,211,2024-03,17782.38,4821.33,12961.05,2024-03-28
640,211,2024-04,3572.05,740.26,2831.79,2024-04-28
641,211,2024-05,8901.83,2354.61,6547.22,2024-05-28
642,211,2024-06,17390.87,4096.15,13294.72,2024-06-28
643,20,2024-01,16618.31,4640.74,11977.57,2024-01-28
644,20,2024-02,16283.19,3658.48,12624.71,2024-02-28
645,20,2024-03,6834.55,1923.98,4910.57,2024-03-28
646,20,2024-04,3590.32,965.33,2624.99,2024-04-28
647,20,2024-05,15094.79,3076.52,12018.27,2024-05-28
648,20,2024-06,12910.54,3494.09,9416.45,2024-06-28
649,233,2024-01,15149.27,4919.82,10229.45,2024-01-28
650,233,2024-02,13799.91,4263.65,9536.26,2024-02-28
651,233,2024-03,12829.53,3443.64,9385.89,2024-03-28
652,233,2024-04,14022.75,4418.7,9604.05,2024-04-28
653,233,2024-05,7071.36,2090.7,4980.66,2024-05-28
654,233,2024-06,13170.1,4096.29,9073.81,2024-06-28
655,170,2024-01,11090.29,2834.18,8256.11,2024-01-28
656,170,2024-02,14345.19,3837.04,10508.15,2024-02-28
657,170,2024-03,3319.32,776.03,2543.29,2024-03-28
658,170,2024-04,13972.55,3629.65,10342.9,2024-04-28
659,170,2024-05,9917.52,3066.84,6850.68,2024-05-28
660,170,2024-06,12498.46,3906.44,8592.02,2024-06-28
661,115,2024-01,16820.21,5302.26,11517.95,2024-01-28
662,115,2024-02,16974.99,5883.1,11091.89,2024-02-28
663,115,2024-03,15501.86,3148.57,12353.29,2024-03-28
664,115,2024-04,11746.63,3438.22,8308.41,2024-04-28
665,115,2024-05,12283.03,4001.28,8281.75,2024-05-28
666,115,2024-06,6261.67,2026.86,4234.81,2024-06-28
667,256,2024-01,10246.24,2483.21,7763.03,2024-01-28
668,256,2024-02,13743.47,3577.87,10165.6,2024-02-28
669,256,2024-03,5433.53,1715.02,3718.51,2024-03-28
670,256,2024-04,11070.7,2694.08,8376.62,2024-04-28
671,256,2024-05,15591.14,3570.99,12020.15,2024-05-28
672,256,2024-06,16154.66,3291.04,12863.62,2024-06-28
673,254,2024-01,12178.04,3430.38,8747.66,2024-01-28
674,254,2024-02,3390.61,913.6,2477.01,2024-02-28
675,254,2024-03,3484.16,709.09,2775.07,2024-03-28
676,254,2024-04,8889.74,2803.72,6086.02,2024-04-28
677,254,2024-05,8242.71,1972.35,6270.36,2024-05-28
678,254,2024-06,8208.26,2641.96,5566.3,2024-06-28
679,8,2024-01,14637.28,3880.71,10756.57,2024-01-28
680,8,2024-02,7359.21,2257.17,5102.04,2024-02-28
681,8,2024-03,17227.17,3990.21,13236.96,2024-03-28
682,8,2024-04,5092.53,1080.13,4012.4,2024-04-28
683,8,2024-05,10066.58,3249.39,6817.19,2024-05-28
684,8,2024-06,15302.93,4517.4,10785.53,2024-06-28
685,145,2024-01,3790.47,1237.22,2553.25,2024-01-28
686,145,2024-02,8234.37,1849.26,6385.11,2024-02-28
687,145,2024-03,10120.5,3478.16,6642.34,2024-03-28
688,145,2024-04,17727.69,6089.44,11638.25,2024-04-28
689,145,2024-05,13277.36,4379.36,8898.0,2024-05-28
690,145,2024-06,11161.24,3750.54,7410.7,2024-06-28
691,168,2024-01,14741.54,4603.82,10137.72,2024-01-28
692,168,2024-02,6873.52,2336.89,4536.63,2024-02-28
693,168,2024-03,15643.67,4624.11,11019.56,2024-03-28
694,168,2024-04,12566.04,3522.13,9043.91,2024-04-28
695,168,2024-05,13370.62,4105.08,9265.54,2024-05-28
696,168,2024-06,16208.14,3433.88,12774.26,2024-06-28
697,144,2024-01,5493.99,1401.52,4092.47,2024-01-28
698,144,2024-02,3310.47,813.32,2497.15,2024-02-28
699,144,2024-03,16196.13,3385.18,12810.95,2024-03-28
700,144,2024-04,17723.59,5356.29,12367.3,2024-04-28
701,144,2024-05,14682.64,4968.44,9714.2,2024-05-28
702,144,2024-06,4903.06,1054.1,3848.96,2024-06-28
703,243,2024-01,9678.33,2955.33,6723.0,2024-01-28
704,243,2024-02,10747.99,2150.87,8597.12,2024-02-28
705,243,2024-03,10962.02,2348.21,8613.81,2024-03-28
706,243,2024-04,17761.67,5309.43,12452.24,2024-04-28
707,243,2024-05,9808.14,2573.02,7235.12,2024-05-28
708,243,2024-06,9433.65,2216.41,7217.24,2024-06-28
709,298,2024-01,8511.79,1811.2,6700.59,2024-01-28
710,298,2024-02,5283.62,1388.18,3895.44,2024-02-28
711,298,2024-03,6029.65,1796.94,4232.71,2024-03-28
712,298,2024-04,4718.19,952.48,3765.71,2024-04-28
713,298,2024-05,14472.44,4926.41,9546.03,2024-05-28
714,298,2024-06,11011.97,3071.2,7940.77,2024-06-28
715,80,2024-01,9497.16,2496.59,7000.57,2024-01-28
716,80,2024-02,14072.64,3462.86,10609.78,2024-02-28
717,80,2024-03,7362.37,2451.34,4911.03,2024-03-28
718,80,2024-04,8248.77,2400.65,5848.12,2024-04-28
719,80,2024-05,7662.93,2163.92,5499.01,2024-05-28
720,80,2024-06,8035.25,2373.37,5661.88,2024-06-28
721,2,2024-01,7377.3,1680.99,5696.31,2024-01-28
722,2,2024-02,5585.92,1502.08,4083.84,2024-02-28
723,2,2024-03,16880.75,4739.36,12141.39,2024-03-28
724,2,2024-04,15518.97,4593.8,10925.17,2024-04-28
725,2,2024-05,10369.69,2824.27,7545.42,2024-05-28
726,2,2024-06,14300.93,4319.99,9980.94,2024-06-28
727,291,2024-01,11588.12,2471.35,9116.77,2024-01-28
728,291,2024-02,12397.33,3196.8,9200.53,2024-02-28
729,291,2024-03,6368.3,1427.54,4940.76,2024-03-28
730,291,2024-04,13021.08,3090.85,9930.23,2024-04-28
731,291,2024-05,10206.32,3309.98,6896.34,2024-05-28
732,291,2024-06,4497.73,1355.85,3141.88,2024-06-28
733,71,2024-01,3254.53,951.15,2303.38,2024-01-28
734,71,2024-02,13687.25,4721.24,8966.01,2024-02-28
735,71,2024-03,13183.28,4210.78,8972.5,2024-03-28
736,71,2024-04,15160.77,3830.7,11330.07,2024-04-28
737,71,2024-05,17933.89,3849.32,14084.57,2024-05-28
738,71,2024-06,12148.82,3122.21,9026.61,2024-06-28
739,100,2024-01,13011.44,4041.53,8969.91,2024-01-28
740,100,2024-02,5112.5,1066.94,4045.56,2024-02-28
741,100,2024-03,7604.35,2559.88,5044.47,2024-03-28
742,100,2024-04,5264.21,1619.59,3644.62,2024-04-28
743,100,2024-05,9278.46,2832.74,6445.72,2024-05-28
744,100,2024-06,8420.97,2902.5,5518.47,2024-06-28
745,158,2024-01,12129.62,3708.9,8420.72,2024-01-28
746,158,2024-02,13300.47,3914.88,9385.59,2024-02-28
747,158,2024-03,6449.07,2067.91,4381.16,2024-03-28
748,158,2024-04,10576.87,2577.39,7999.48,2024-04-28
749,158,2024-05,8903.19,3014.71,5888.48,2024-05-28
750,158,2024-06,17821.04,5746.36,12074.68,2024-06-28
751,177,2024-01,13252.29,4456.74,8795.55,2024-01-28
752,177,2024-02,14614.74,3875.26,10739.48,2024-02-28
753,177,2024-03,11213.13,3527.56,7685.57,2024-03-28
754,177,2024-04,4306.34,1326.12,2980.22,2024-04-28
755,177,2024-05,13937.79,3618.82,10318.97,2024-05-28
756,177,2024-06,12924.59,4119.53,8805.06,2024-06-28
757,22,2024-01,5895.2,2037.13,3858.07,2024-01-28
758,22,2024-02,11635.32,2428.27,9207.05,2024-02-28
759,22,2024-03,17124.7,5066.1,12058.6,2024-03-28
760,22,2024-04,6231.98,2116.75,4115.23,2024-04-28
761,22,2024-05,7111.67,2027.64,5084.03,2024-05-28
762,22,2024-06,9111.18,2261.94,6849.24,2024-06-28
763,287,2024-01,10911.73,3315.61,7596.12,2024-01-28
764,287,2024-02,16992.35,4669.77,12322.58,2024-02-28
765,287,2024-03,12233.12,4133.21,8099.91,2024-03-28
766,287,2024-04,17489.32,4150.64,13338.68,2024-04-28
767,287,2024-05,10308.63,2517.56,7791.07,2024-05-28
768,287,2024-06,13519.23,2894.66,10624.57,2024-06-28
769,104,2024-01,9366.07,2417.81,6948.26,2024-01-28
770,104,2024-02,4415.07,1238.5,3176.57,2024-02-28
771,104,2024-03,14177.84,3348.98,10828.86,2024-03-28
772,104,2024-04,12258.51,2977.68,9280.83,2024-04-28
773,104,2024-05,7521.32,2184.24,5337.08,2024-05-28
774,104,2024-06,6015.58,1555.78,4459.8,2024-06-28
775,10,2024-01,6543.85,1605.04,4938.81,2024-01-28
776,10,2024-02,10245.28,2977.33,7267.95,2024-02-28
777,10,2024-03,17248.06,3895.25,13352.81,2024-03-28
778,10,2024-04,15728.03,3391.55,12336.48,2024-04-28
779,10,2024-05,13080.26,3715.09,9365.17,2024-05-28
780,10,2024-06,11838.48,3355.89,8482.59,2024-06-28
781,300,2024-01,8226.74,2294.7,5932.04,2024-01-28
782,300,2024-02,5315.48,1174.61,4140.87,2024-02-28
783,300,2024-03,10151.65,2343.61,7808.04,2024-03-28
784,300,2024-04,4531.17,1534.7,2996.47,2024-04-28
785,300,2024-05,8064.28,1729.2,6335.08,2024-05-28
786,300,2024-06,13056.06,4473.65,8582.41,2024-06-28
787,249,2024-01,11406.0,3076.71,8329.29,2024-01-28
788,249,2024-02,17742.05,4141.72,13600.33,2024-02-28
789,249,2024-03,3105.31,992.52,2112.79,2024-03-28
790,249,2024-04,12343.15,4273.32,8069.83,2024-04-28
791,249,2024-05,14134.28,3380.71,10753.57,2024-05-28
792,249,2024-06,17809.68,4698.17,13111.51,2024-06-28
793,260,2024-01,13725.4,4494.62,9230.78,2024-01-28
794,260,2024-02,4935.86,1284.02,3651.84,2024-02-28
795,260,2024-03,12162.85,3374.05,8788.8,2024-03-28
796,260,2024-04,7966.09,2504.39,5461.7,2024-04-28
797,260,2024-05,9183.35,2081.84,7101.51,2024-05-28
798,260,2024-06,10149.96,2139.84,8010.12,2024-06-28
799,126,2024-01,4564.68,1167.35,3397.33,2024-01-28
800,126,2024-02,12855.76,3784.06,9071.7,2024-02-28
801,126,2024-03,7456.08,1782.62,5673.46,2024-03-28
802,126,2024-04,9814.17,3010.53,6803.64,2024-04-28
803,126,2024-05,15510.15,3118.56,12391.59,2024-05-28
804,126,2024-06,3345.13,1073.24,2271.89,2024-06-28
805,41,2024-01,9594.32,2901.73,6692.59,2024-01-28
806,41,2024-02,13638.39,4681.37,8957.02,2024-02-28
807,41,2024-03,10270.44,2700.37,7570.07,2024-03-28
808,41,2024-04,11020.22,3059.75,7960.47,2024-04-28
809,41,2024-05,4725.47,1331.84,3393.63,2024-05-28
810,41,2024-06,6745.88,1530.1,5215.78,2024-06-28
811,171,2024-01,9535.62,2615.72,6919.9,2024-01-28
812,171,2024-02,14595.37,3349.29,11246.08,2024-02-28
813,171,2024-03,12099.71,3401.21,8698.5,2024-03-28
814,171,2024-04,12558.08,4157.4,8400.68,2024-04-28
815,171,2024-05,4913.22,1171.4,3741.82,2024-05-28
816,171,2024-06,4901.97,1587.83,3314.14,2024-06-28
817,162,2024-01,15052.11,4232.09,10820.02,2024-01-28
818,162,2024-02,4780.45,1581.84,3198.61,2024-02-28
819,162,2024-03,12950.39,4299.45,8650.94,2024-03-28
820,162,2024-04,15103.89,3721.33,11382.56,2024-04-28
821,162,2024-05,10308.04,3144.21,7163.83,2024-05-28
822,162,2024-06,8292.69,2165.28,6127.41,2024-06-28
823,73,2024-01,15111.17,3245.97,11865.2,2024-01-28
824,73,2024-02,12670.95,3634.09,9036.86,2024-02-28
825,73,2024-03,4638.2,1382.73,3255.47,2024-03-28
826,73,2024-04,7393.52,2339.17,5054.35,2024-04-28
827,73,2024-05,15965.53,4553.78,11411.75,2024-05-28
828,73,2024-06,12906.84,4298.2,8608.64,2024-06-28
829,94,2024-01,12440.33,4033.74,8406.59,2024-01-28
830,94,2024-02,10596.67,3156.13,7440.54,2024-02-28
831,94,2024-03,17109.82,4226.25,12883.57,2024-03-28
832,94,2024-04,6756.01,1918.76,4837.25,2024-04-28
833,94,2024-05,16427.43,3305.68,13121.75,2024-05-28
834,94,2024-06,4485.78,1205.79,3279.99,2024-06-28
835,13,2024-01,4102.29,1366.05,2736.24,2024-01-28
836,13,2024-02,17694.7,5389.74,12304.96,2024-02-28
837,13,2024-03,16717.92,4309.49,12408.43,2024-03-28
838,13,2024-04,10528.53,2639.66,7888.87,2024-04-28
839,13,2024-05,15413.75,4473.63,10940.12,2024-05-28
840,13,2024-06,15495.97,3322.59,12173.38,2024-06-28
841,147,2024-01,9763.4,2350.16,7413.24,2024-01-28
842,147,2024-02,11548.83,3944.78,7604.05,2024-02-28
843,147,2024-03,3210.14,895.39,2314.75,2024-03-28
844,147,2024-04,12855.28,2626.58,10228.7,2024-04-28
845,147,2024-05,15031.71,4985.91,10045.8,2024-05-28
846,147,2024-06,11067.9,3431.53,7636.37,2024-06-28
847,231,2024-01,5498.62,1623.64,3874.98,2024-01-28
848,231,2024-02,15933.21,3811.44,12121.77,2024-02-28
849,231,2024-03,4453.39,1303.32,3150.07,2024-03-28
850,231,2024-04,8835.92,2503.9,6332.02,2024-04-28
851,231,2024-05,7431.24,1658.53,5772.71,2024-05-28
852,231,2024-06,11475.68,3094.85,8380.83,2024-06-28
853,180,2024-01,6777.45,1484.34,5293.11,2024-01-28
854,180,2024-02,9239.5,2289.99,6949.51,2024-02-28
855,180,2024-03,9789.98,2148.16,7641.82,2024-03-28
856,180,2024-04,3213.83,724.04,2489.79,2024-04-28
857,180,2024-05,11252.05,2899.94,8352.11,2024-05-28
858,180,2024-06,9296.72,3240.87,6055.85,2024-06-28
859,266,2024-01,3656.22,738.58,2917.64,2024-01-28
860,266,2024-02,3122.24,895.9,2226.34,2024-02-28
861,266,2024-03,3385.87,1118.44,2267.43,2024-03-28
862,266,2024-04,15945.12,5026.87,10918.25,2024-04-28
863,266,2024-05,10671.86,2145.46,8526.4,2024-05-28
864,266,2024-06,6711.43,1342.75,5368.68,2024-06-28
865,53,2024-01,16916.13,4540.45,12375.68,2024-01-28
866,53,2024-02,5306.65,1835.1,3471.55,2024-02-28
867,53,2024-03,15979.0,4960.27,11018.73,2024-03-28
868,53,2024-04,12444.43,3956.04,8488.39,2024-04-28
869,53,2024-05,12834.7,3774.25,9060.45,2024-05-28
870,53,2024-06,3766.74,1180.36,2586.38,2024-06-28
871,90,2024-01,5859.5,1571.2,4288.3,2024-01-28
872,90,2024-02,3921.21,1289.32,2631.89,2024-02-28
873,90,2024-03,3937.82,1238.6,2699.22,2024-03-28
874,90,2024-04,11566.55,2608.35,8958.2,2024-04-28
875,90,2024-05,5494.54,1818.5,3676.04,2024-05-28
876,90,2024-06,11854.76,3043.94,8810.82,2024-06-28
877,258,2024-01,12713.07,2861.72,9851.35,2024-01-28
878,258,2024-02,8494.17,1786.87,6707.3,2024-02-28
879,258,2024-03,15768.31,4801.81,10966.5,2024-03-28
880,258,2024-04,17633.09,6150.78,11482.31,2024-04-28
881,258,2024-05,3892.64,780.05,3112.59,2024-05-28
882,258,2024-06,14678.97,4905.94,9773.03,2024-06-28
883,62,2024-01,9815.14,2160.45,7654.69,2024-01-28
884,62,2024-02,12947.3,4204.93,8742.37,2024-02-28
885,62,2024-03,13418.03,3304.03,10114.0,2024-03-28
886,62,2024-04,15322.59,3420.04,11902.55,2024-04-28
887,62,2024-05,11379.09,2645.63,8733.46,2024-05-28
888,62,2024-06,11069.07,3628.4,7440.67,2024-06-28
889,156,2024-01,7595.27,1709.88,5885.39,2024-01-28
890,156,2024-02,16230.38,3733.56,12496.82,2024-02-28
891,156,2024-03,11739.39,3925.04,7814.35,2024-03-28
892,156,2024-04,15300.52,4178.56,11121.96,2024-04-28
893,156,2024-05,12825.13,3749.62,9075.51,2024-05-28
894,156,2024-06,8267.21,1763.12,6504.09,2024-06-28
895,93,2024-01,12140.63,3832.64,8307.99,2024-01-28
896,93,2024-02,14197.11,4841.53,9355.58,2024-02-28
897,93,2024-03,8391.85,2747.3,5644.55,2024-03-28
898,93,2024-04,10562.28,2834.19,7728.09,2024-04-28
899,93,2024-05,17495.44,5840.58,11654.86,2024-05-28
900,93,2024-06,12741.88,3050.17,9691.71,2024-06-28
901,232,2024-01,12821.92,3809.98,9011.94,2024-01-28
902,232,2024-02,15240.62,3270.9,11969.72,2024-02-28
903,232,2024-03,9520.13,2850.25,6669.88,2024-03-28
904,232,2024-04,3401.17,844.09,2557.08,2024-04-28
905,232,2024-05,16654.05,4550.51,12103.54,2024-05-28
906,232,2024-06,6119.35,1864.75,4254.6,2024-06-28
907,29,2024-01,5243.8,1370.77,3873.03,2024-01-28
908,29,2024-02,7078.11,2036.92,5041.19,2024-02-28
909,29,2024-03,13038.65,2719.4,10319.25,2024-03-28
910,29,2024-04,14842.4,4474.64,10367.76,2024-04-28
911,29,2024-05,15357.39,4476.04,10881.35,2024-05-28
912,29,2024-06,3967.26,1071.96,2895.3,2024-06-28
913,103,2024-01,7916.19,2365.33,5550.86,2024-01-28
914,103,2024-02,12781.24,2914.96,9866.28,2024-02-28
915,103,2024-03,11936.98,4028.32,7908.66,2024-03-28
916,103,2024-04,12227.08,3785.37,8441.71,2024-04-28
917,103,2024-05,4438.18,1106.19,3331.99,2024-05-28
918,103,2024-06,6948.89,1954.11,4994.78,2024-06-28
919,48,2024-01,15143.91,4306.38,10837.53,2024-01-28
920,48,2024-02,12239.64,2670.06,9569.58,2024-02-28
921,48,2024-03,12395.02,3433.4,8961.62,2024-03-28
922,48,2024-04,8057.81,2235.34,5822.47,2024-04-28
923,48,2024-05,11040.51,3009.06,8031.45,2024-05-28
924,48,2024-06,11803.57,2436.72,9366.85,2024-06-28
925,108,2024-01,3661.67,1209.5,2452.17,2024-01-28
926,108,2024-02,9313.32,2634.68,6678.64,2024-02-28
927,108,2024-03,14697.91,5078.48,9619.43,2024-03-28
928,108,2024-04,8198.92,2303.98,5894.94,2024-04-28
929,108,2024-05,3331.78,1108.79,2222.99,2024-05-28
930,108,2024-06,12851.79,4473.63,8378.16,2024-06-28
931,282,2024-01,15423.5,4374.37,11049.13,2024-01-28
932,282,2024-02,12930.05,3275.49,9654.56,2024-02-28
933,282,2024-03,15032.49,3187.64,11844.85,2024-03-28
934,282,2024-04,16551.64,4018.47,12533.17,2024-04-28
935,282,2024-05,6154.82,1935.1,4219.72,2024-05-28
936,282,2024-06,12965.78,3219.01,9746.77,2024-06-28
937,84,2024-01,7822.65,1736.85,6085.8,2024-01-28
938,84,2024-02,16614.49,3644.01,12970.48,2024-02-28
939,84,2024-03,8157.65,2634.04,5523.61,2024-03-28
940,84,2024-04,13462.49,3446.96,10015.53,2024-04-28
941,84,2024-05,12544.69,3450.2,9094.49,2024-05-28
942,84,2024-06,13533.04,3817.48,9715.56,2024-06-28
943,210,2024-01,9365.21,2715.62,6649.59,2024-01-28
944,210,2024-02,3198.94,689.66,2509.28,2024-02-28
945,210,2024-03,13418.43,3815.11,9603.32,2024-03-28
946,210,2024-04,4915.71,1138.77,3776.94,2024-04-28
947,210,2024-05,15857.83,3821.42,12036.41,2024-05-28
948,210,2024-06,5808.49,1702.48,4106.01,2024-06-28
949,165,2024-01,17718.37,4302.31,13416.06,2024-01-28
950,165,2024-02,10252.45,2107.65,8144.8,2024-02-28
951,165,2024-03,5031.3,1693.94,3337.36,2024-03-28
952,165,2024-04,4741.34,1440.86,3300.48,2024-04-28
953,165,2024-05,8897.2,2648.09,6249.11,2024-05-28
954,165,2024-06,16562.21,4078.28,12483.93,2024-06-28
955,253,2024-01,7039.73,1856.7,5183.03,2024-01-28
956,253,2024-02,12322.4,3129.04,9193.36,2024-02-28
957,253,2024-03,17426.63,5286.62,12140.01,2024-03-28
958,253,2024-04,16463.09,5361.13,11101.96,2024-04-28
959,253,2024-05,10989.87,2996.49,7993.38,2024-05-28
960,253,2024-06,9871.18,2333.77,7537.41,2024-06-28
961,70,2024-01,16468.59,3428.0,13040.59,2024-01-28
962,70,2024-02,13292.96,3082.55,10210.41,2024-02-28
963,70,2024-03,9592.04,2881.49,6710.55,2024-03-28
964,70,2024-04,12048.28,4117.0,7931.28,2024-04-28
965,70,2024-05,4417.36,1403.22,3014.14,2024-05-28
966,70,2024-06,3851.8,1184.11,2667.69,2024-06-28
967,97,2024-01,15442.85,3667.32,11775.53,2024-01-28
968,97,2024-02,12614.16,3104.46,9509.7,2024-02-28
969,97,2024-03,14554.82,3086.72,11468.1,2024-03-28
970,97,2024-04,3215.38,770.48,2444.9,2024-04-28
971,97,2024-05,14623.32,3024.6,11598.72,2024-05-28
972,97,2024-06,5309.73,1217.06,4092.67,2024-06-28
973,31,2024-01,7740.47,2555.84,5184.63,2024-01-28
974,31,2024-02,10150.99,2554.36,7596.63,2024-02-28
975,31,2024-03,6737.89,2342.18,4395.71,2024-03-28
976,31,2024-04,15391.96,5370.23,10021.73,2024-04-28
977,31,2024-05,14619.5,4570.58,10048.92,2024-05-28
978,31,2024-06,16961.42,5552.25,11409.17,2024-06-28
979,125,2024-01,8672.19,2980.05,5692.14,2024-01-28
980,125,2024-02,8398.79,2129.8,6268.99,2024-02-28
981,125,2024-03,5081.74,1404.28,3677.46,2024-03-28
982,125,2024-04,11361.73,3875.59,7486.14,2024-04-28
983,125,2024-05,16152.02,4102.83,12049.19,2024-05-28
984,125,2024-06,13870.77,3660.91,10209.86,2024-06-28
985,252,2024-01,8767.73,3049.98,5717.75,2024-01-28
986,252,2024-02,10514.46,2931.13,7583.33,2024-02-28
987,252,2024-03,12867.64,3171.64,9696.0,2024-03-28
988,252,2024-04,17598.17,4768.16,12830.01,2024-04-28
989,252,2024-05,6362.46,1321.42,5041.04,2024-05-28
990,252,2024-06,5636.28,1425.15,4211.13,2024-06-28
991,269,2024-01,9078.14,2176.51,6901.63,2024-01-28
992,269,2024-02,15727.65,3708.58,12019.07,2024-02-28
993,269,2024-03,9670.86,2673.58,6997.28,2024-03-28
994,269,2024-04,5043.47,1209.55,3833.92,2024-04-28
995,269,2024-05,12400.16,3426.27,8973.89,2024-05-28
996,269,2024-06,7317.42,1470.13,5847.29,2024-06-28
997,151,2024-01,15273.89,4634.33,10639.56,2024-01-28
998,151,2024-02,7670.52,1574.63,6095.89,2024-02-28
999,151,2024-03,12995.38,3350.8,9644.58,2024-03-28
1000,151,2024-04,14477.26,3942.99,10534.27,2024-04-28
1001,151,2024-05,9410.99,3166.11,6244.88,2024-05-28
1002,151,2024-06,12731.4,4174.79,8556.61,2024-06-28
1003,179,2024-01,10838.63,3127.82,7710.81,2024-01-28
1004,179,2024-02,12724.99,2922.59,9802.4,2024-02-28
1005,179,2024-03,12674.07,4161.22,8512.85,2024-03-28
1006,179,2024-04,8459.58,2474.65,5984.93,2024-04-28
1007,179,2024-05,7885.39,1907.57,5977.82,2024-05-28
1008,179,2024-06,5672.47,1580.77,4091.7,2024-06-28
1009,87,2024-01,4547.89,1039.84,3508.05,2024-01-28
1010,87,2024-02,16267.54,4833.95,11433.59,2024-02-28
1011,87,2024-03,7332.16,2143.92,5188.24,2024-03-28
1012,87,2024-04,12218.17,3996.22,8221.95,2024-04-28
1013,87,2024-05,16356.2,5034.77,11321.43,2024-05-28
1014,87,2024-06,4214.71,846.61,3368.1,2024-06-28
1015,26,2024-01,4619.17,1404.37,3214.8,2024-01-28
1016,26,2024-02,9622.3,3055.72,6566.58,2024-02-28
1017,26,2024-03,7417.68,2393.6,5024.08,2024-03-28
1018,26,2024-04,8685.28,2818.14,5867.14,2024-04-28
1019,26,2024-05,11182.56,3867.08,7315.48,2024-05-28
1020,26,2024-06,15991.03,4444.95,11546.08,2024-06-28
1021,152,2024-01,12054.22,3203.69,8850.53,2024-01-28
1022,152,2024-02,17921.55,4184.73,13736.82,2024-02-28
1023,152,2024-03,9234.39,2912.97,6321.42,2024-03-28
1024,152,2024-04,10054.93,3517.44,6537.49,2024-04-28
1025,152,2024-05,6082.41,1796.62,4285.79,2024-05-28
1026,152,2024-06,14633.24,3783.65,10849.59,2024-06-28
1027,57,2024-01,17227.42,4823.37,12404.05,2024-01-28
1028,57,2024-02,6183.52,1705.7,4477.82,2024-02-28
1029,57,2024-03,4222.43,1244.68,2977.75,2024-03-28
1030,57,2024-04,4360.22,1475.4,2884.82,2024-04-28
1031,57,2024-05,12979.54,4163.53,8816.01,2024-05-28
1032,57,2024-06,8746.49,3018.74,5727.75,2024-06-28
1033,33,2024-01,7745.85,2332.15,5413.7,2024-01-28
1034,33,2024-02,11095.0,2533.63,8561.37,2024-02-28
1035,33,2024-03,14841.23,3890.46,10950.77,2024-03-28
1036,33,2024-04,7771.01,2400.04,5370.97,2024-04-28
1037,33,2024-05,16577.82,4427.17,12150.65,2024-05-28
1038,33,2024-06,11465.78,2355.55,9110.23,2024-06-28
1039,267,2024-01,14821.89,4875.38,9946.51,2024-01-28
1040,267,2024-02,5905.73,1238.54,4667.19,2024-02-28
1041,267,2024-03,17892.42,3631.73,14260.69,2024-03-28
1042,267,2024-04,7778.33,2542.61,5235.72,2024-04-28
1043,267,2024-05,7487.88,1654.76,5833.12,2024-05-28
1044,267,2024-06,12423.26,3975.07,8448.19,2024-06-28
1045,76,2024-01,14287.5,3504.71,10782.79,2024-01-28
1046,76,2024-02,8040.16,2051.07,5989.09,2024-02-28
1047,76,2024-03,14437.76,4928.56,9509.2,2024-03-28
1048,76,2024-04,9351.89,2320.67,7031.22,2024-04-28
1049,76,2024-05,11479.19,3742.17,7737.02,2024-05-28
1050,76,2024-06,12605.75,3307.3,9298.45,2024-06-28
1051,51,2024-01,4357.01,894.11,3462.9,2024-01-28
1052,51,2024-02,10776.44,2884.35,7892.09,2024-02-28
1053,51,2024-03,6145.57,1949.34,4196.23,2024-03-28
1054,51,2024-04,13423.86,3171.59,10252.27,2024-04-28
1055,51,2024-05,11722.82,2884.49,8838.33,2024-05-28
1056,51,2024-06,5565.74,1310.13,4255.61,2024-06-28
1057,129,2024-01,14153.54,3386.22,10767.32,2024-01-28
1058,129,2024-02,11745.02,2652.78,9092.24,2024-02-28
1059,129,2024-03,5646.62,1442.53,4204.09,2024-03-28
1060,129,2024-04,10744.98,3703.72,7041.26,2024-04-28
1061,129,2024-05,5716.87,1441.39,4275.48,2024-05-28
1062,129,2024-06,15550.43,3291.0,12259.43,2024-06-28
1063,131,2024-01,4524.36,1164.94,3359.42,2024-01-28
1064,131,2024-02,5687.09,1734.1,3952.99,2024-02-28
1065,131,2024-03,7049.87,1629.57,5420.3,2024-03-28
1066,131,2024-04,4540.26,1441.51,3098.75,2024-04-28
1067,131,2024-05,11953.94,3313.02,8640.92,2024-05-28
1068,131,2024-06,9174.82,2019.1,7155.72,2024-06-28
1069,187,2024-01,13512.51,3014.35,10498.16,2024-01-28
1070,187,2024-02,4494.51,1071.78,3422.73,2024-02-28
1071,187,2024-03,16541.64,3390.95,13150.69,2024-03-28
1072,187,2024-04,10869.95,2295.08,8574.87,2024-04-28
1073,187,2024-05,17434.37,3494.4,13939.97,2024-05-28
1074,187,2024-06,12469.83,3400.39,9069.44,2024-06-28
1075,111,2024-01,6486.24,1585.97,4900.27,2024-01-28
1076,111,2024-02,6117.58,1480.3,4637.28,2024-02-28
1077,111,2024-03,9226.78,2096.5,7130.28,2024-03-28
1078,111,2024-04,17996.41,5992.56,12003.85,2024-04-28
1079,111,2024-05,8630.42,2969.02,5661.4,2024-05-28
1080,111,2024-06,6684.58,1704.54,4980.04,2024-06-28
1081,121,2024-01,7165.98,2196.75,4969.23,2024-01-28
1082,121,2024-02,12574.76,3632.38,8942.38,2024-02-28
1083,121,2024-03,11209.24,3826.73,7382.51,2024-03-28
1084,121,2024-04,3565.94,804.68,2761.26,2024-04-28
1085,121,2024-05,5261.21,1336.34,3924.87,2024-05-28
1086,121,2024-06,13830.86,2949.03,10881.83,2024-06-28
1087,195,2024-01,13170.14,4523.76,8646.38,2024-01-28
1088,195,2024-02,6416.45,1621.12,4795.33,2024-02-28
1089,195,2024-03,16087.33,4363.32,11724.01,2024-03-28
1090,195,2024-04,12744.31,3826.89,8917.42,2024-04-28
1091,195,2024-05,16844.83,4293.38,12551.45,2024-05-28
1092,195,2024-06,6948.57,2165.63,4782.94,2024-06-28
1093,234,2024-01,12886.62,3613.38,9273.24,2024-01-28
1094,234,2024-02,5542.08,1151.06,4391.02,2024-02-28
1095,234,2024-03,16254.35,3596.38,12657.97,2024-03-28
1096,234,2024-04,13836.34,3277.45,10558.89,2024-04-28
1097,234,2024-05,7309.57,1977.88,5331.69,2024-05-28
1098,234,2024-06,16158.69,3853.37,12305.32,2024-06-28
1099,106,2024-01,16373.73,5552.99,10820.74,2024-01-28
1100,106,2024-02,16992.06,5444.51,11547.55,2024-02-28
1101,106,2024-03,16448.78,3401.92,13046.86,2024-03-28
1102,106,2024-04,9084.09,1921.55,7162.54,2024-04-28
1103,106,2024-05,4738.86,1108.2,3630.66,2024-05-28
1104,106,2024-06,3255.06,781.06,2474.0,2024-06-28
1105,201,2024-01,12840.35,4326.06,8514.29,2024-01-28
1106,201,2024-02,5028.07,1279.99,3748.08,2024-02-28
1107,201,2024-03,12518.39,2872.32,9646.07,2024-03-28
1108,201,2024-04,3772.56,1032.82,2739.74,2024-04-28
1109,201,2024-05,14280.14,3753.17,10526.97,2024-05-28
1110,201,2024-06,14920.63,5177.93,9742.7,2024-06-28
1111,133,2024-01,12969.43,3019.8,9949.63,2024-01-28
1112,133,2024-02,8489.75,2153.48,6336.27,2024-02-28
1113,133,2024-03,6597.92,1686.4,4911.52,2024-03-28
1114,133,2024-04,11322.22,3157.45,8164.77,2024-04-28
1115,133,2024-05,5307.61,1269.02,4038.59,2024-05-28
1116,133,2024-06,6148.43,1749.69,4398.74,2024-06-28
1117,38,2024-01,9581.4,2677.82,6903.58,2024-01-28
1118,38,2024-02,8843.23,2512.2,6331.03,2024-02-28
1119,38,2024-03,3656.93,920.76,2736.17,2024-03-28
1120,38,2024-04,8393.59,2574.45,5819.14,2024-04-28
1121,38,2024-05,6127.51,2019.18,4108.33,2024-05-28
1122,38,2024-06,6036.58,1682.36,4354.22,2024-06-28
1123,1,2024-01,9912.74,3430.19,6482.55,2024-01-28
1124,1,2024-02,17541.79,4576.8,12964.99,2024-02-28
1125,1,2024-03,8824.7,2530.05,6294.65,2024-03-28
1126,1,2024-04,7334.11,1801.24,5532.87,2024-04-28
1127,1,2024-05,9839.27,3309.47,6529.8,2024-05-28
1128,1,2024-06,3393.39,910.27,2483.12,2024-06-28
1129,182,2024-01,7719.54,1929.67,5789.87,2024-01-28
1130,182,2024-02,13191.12,3413.23,9777.89,2024-02-28
1131,182,2024-03,14726.54,4084.75,10641.79,2024-03-28
1132,182,2024-04,14479.93,4272.67,10207.26,2024-04-28
1133,182,2024-05,14214.02,4219.13,9994.89,2024-05-28
1134,182,2024-06,7846.12,2667.66,5178.46,2024-06-28
1135,272,2024-01,16012.75,4395.91,11616.84,2024-01-28
1136,272,2024-02,14836.86,4551.4,10285.46,2024-02-28
1137,272,2024-03,4996.04,1150.55,3845.49,2024-03-28
1138,272,2024-04,7342.1,1514.82,5827.28,2024-04-28
1139,272,2024-05,6603.47,1381.37,5222.1,2024-05-28
1140,272,2024-06,6586.18,1380.54,5205.64,2024-06-28
1141,12,2024-01,4575.58,940.63,3634.95,2024-01-28
1142,12,2024-02,9443.79,2687.28,6756.51,2024-02-28
1143,12,2024-03,15571.92,3349.67,12222.25,2024-03-28
1144,12,2024-04,15716.16,4043.3,11672.86,2024-04-28
1145,12,2024-05,6632.7,1915.26,4717.44,2024-05-28
1146,12,2024-06,14426.61,4609.96,9816.65,2024-06-28
1147,239,2024-01,4363.66,1069.9,3293.76,2024-01-28
1148,239,2024-02,13781.11,4478.91,9302.2,2024-02-28
1149,239,2024-03,17638.69,3935.16,13703.53,2024-03-28
1150,239,2024-04,8968.43,1973.38,6995.05,2024-04-28
1151,239,2024-05,5166.21,1155.46,4010.75,2024-05-28
1152,239,2024-06,9167.36,3010.9,6156.46,2024-06-28
1153,219,2024-01,17577.79,3833.58,13744.21,2024-01-28
1154,219,2024-02,3029.68,956.53,2073.15,2024-02-28
1155,219,2024-03,12540.23,4257.21,8283.02,2024-03-28
1156,219,2024-04,7469.2,1657.02,5812.18,2024-04-28
1157,219,2024-05,14073.65,3144.47,10929.18,2024-05-28
1158,219,2024-06,7308.66,1486.24,5822.42,2024-06-28
1159,123,2024-01,6471.61,1421.98,5049.63,2024-01-28
1160,123,2024-02,13536.88,2737.99,10798.89,2024-02-28
1161,123,2024-03,4447.64,975.87,3471.77,2024-03-28
1162,123,2024-04,10896.4,3165.85,7730.55,2024-04-28
1163,123,2024-05,11168.6,3359.65,7808.95,2024-05-28
1164,123,2024-06,6971.36,1640.84,5330.52,2024-06-28
1165,268,2024-01,3920.58,1128.77,2791.81,2024-01-28
1166,268,2024-02,10324.61,2213.41,8111.2,2024-02-28
1167,268,2024-03,16980.33,4250.98,12729.35,2024-03-28
1168,268,2024-04,14383.99,4180.35,10203.64,2024-04-28
1169,268,2024-05,17597.66,3827.25,13770.41,2024-05-28
1170,268,2024-06,17114.72,5983.53,11131.19,2024-06-28
1171,163,2024-01,5756.9,1393.76,4363.14,2024-01-28
1172,163,2024-02,14047.72,3904.1,10143.62,2024-02-28
1173,163,2024-03,9118.48,2491.43,6627.05,2024-03-28
1174,163,2024-04,8637.76,1800.12,6837.64,2024-04-28
1175,163,2024-05,14514.36,4543.61,9970.75,2024-05-28
1176,163,2024-06,16473.68,4767.68,11706.0,2024-06-28
1177,247,2024-01,9814.6,2816.82,6997.78,2024-01-28
1178,247,2024-02,8443.52,2164.87,6278.65,2024-02-28
1179,247,2024-03,16576.58,3323.96,13252.62,2024-03-28
1180,247,2024-04,5838.29,1729.83,4108.46,2024-04-28
1181,247,2024-05,3596.15,748.23,2847.92,2024-05-28
1182,247,2024-06,6689.76,2271.06,4418.7,2024-06-28
1183,88,2024-01,8650.77,1897.37,6753.4,2024-01-28
1184,88,2024-02,17226.22,5796.36,11429.86,2024-02-28
1185,88,2024-03,13819.81,3457.08,10362.73,2024-03-28
1186,88,2024-04,10048.25,3100.94,6947.31,2024-04-28
1187,88,2024-05,9320.95,2549.12,6771.83,2024-05-28
1188,88,2024-06,16987.81,5386.97,11600.84,2024-06-28
1189,275,2024-01,9439.82,2720.13,6719.69,2024-01-28
1190,275,2024-02,7372.18,2371.98,5000.2,2024-02-28
1191,275,2024-03,13027.66,3723.67,9303.99,2024-03-28
1192,275,2024-04,13615.4,4489.59,9125.81,2024-04-28
1193,275,2024-05,5932.24,1832.72,4099.52,2024-05-28
1194,275,2024-06,5734.57,1405.59,4328.98,2024-06-28
1195,116,2024-01,17195.17,3841.92,13353.25,2024-01-28
1196,116,2024-02,7190.45,1617.32,5573.13,2024-02-28
1197,116,2024-03,5399.68,1230.65,4169.03,2024-03-28
1198,116,2024-04,5409.22,1511.94,3897.28,2024-04-28
1199,116,2024-05,6346.31,1766.22,4580.09,2024-05-28
1200,116,2024-06,14795.52,3395.98,11399.54,2024-06-28
1201,281,2024-01,17082.16,4250.29,12831.87,2024-01-28
1202,281,2024-02,13828.06,3216.69,10611.37,2024-02-28
1203,281,2024-03,12020.81,2454.56,9566.25,2024-03-28
1204,281,2024-04,5168.22,1562.07,3606.15,2024-04-28
1205,281,2024-05,14571.16,4797.84,9773.32,2024-05-28
1206,281,2024-06,7369.02,2564.54,4804.48,2024-06-28
1207,138,2024-01,15772.22,5230.34,10541.88,2024-01-28
1208,138,2024-02,13311.59,4656.4,8655.19,2024-02-28
1209,138,2024-03,7489.42,1690.85,5798.57,2024-03-28
1210,138,2024-04,8075.91,1809.49,6266.42,2024-04-28
1211,138,2024-05,11853.94,2646.12,9207.82,2024-05-28
1212,138,2024-06,15164.59,3915.2,11249.39,2024-06-28
1213,99,2024-01,13130.26,3654.94,9475.32,2024-01-28
1214,99,2024-02,15362.16,4379.67,10982.49,2024-02-28
1215,99,2024-03,11629.23,2721.29,8907.94,2024-03-28
1216,99,2024-04,16117.25,4780.65,11336.6,2024-04-28
1217,99,2024-05,3519.08,922.87,2596.21,2024-05-28
1218,99,2024-06,5344.02,1842.69,3501.33,2024-06-28
1219,105,2024-01,13373.51,3069.12,10304.39,2024-01-28
1220,105,2024-02,17316.83,4186.35,13130.48,2024-02-28
1221,105,2024-03,8286.22,1901.79,6384.43,2024-03-28
1222,105,2024-04,8130.09,2624.8,5505.29,2024-04-28
1223,105,2024-05,13911.11,4721.11,9190.0,2024-05-28
1224,105,2024-06,6514.35,2002.2,4512.15,2024-06-28
1225,150,2024-01,9701.7,2877.43,6824.27,2024-01-28
1226,150,2024-02,11737.66,3734.51,8003.15,2024-02-28
1227,150,2024-03,4195.3,1408.98,2786.32,2024-03-28
1228,150,2024-04,16893.38,3433.49,13459.89,2024-04-28
1229,150,2024-05,6634.64,1359.04,5275.6,2024-05-28
1230,150,2024-06,12585.12,3022.88,9562.24,2024-06-28
1231,149,2024-01,11420.89,2903.32,8517.57,2024-01-28
1232,149,2024-02,8183.49,2261.22,5922.27,2024-02-28
1233,149,2024-03,17869.49,4499.62,13369.87,2024-03-28
1234,149,2024-04,16636.91,3649.58,12987.33,2024-04-28
1235,149,2024-05,5728.56,1745.61,3982.95,2024-05-28
1236,149,2024-06,5866.32,1178.26,4688.06,2024-06-28
1237,197,2024-01,3067.18,807.3,2259.88,2024-01-28
1238,197,2024-02,16327.22,4630.94,11696.28,2024-02-28
1239,197,2024-03,12045.07,2957.37,9087.7,2024-03-28
1240,197,2024-04,15387.05,3986.36,11400.69,2024-04-28
1241,197,2024-05,9845.71,2657.92,7187.79,2024-05-28
1242,197,2024-06,12451.6,3144.18,9307.42,2024-06-28
1243,95,2024-01,14147.32,3037.37,11109.95,2024-01-28
1244,95,2024-02,11215.68,3487.99,7727.69,2024-02-28
1245,95,2024-03,17312.09,4451.35,12860.74,2024-03-28
1246,95,2024-04,8445.87,2393.56,6052.31,2024-04-28
1247,95,2024-05,14566.61,4161.77,10404.84,2024-05-28
1248,95,2024-06,12968.58,2864.89,10103.69,2024-06-28
1249,85,2024-01,15666.64,5164.95,10501.69,2024-01-28
1250,85,2024-02,12908.83,4026.81,8882.02,2024-02-28
1251,85,2024-03,7994.1,1754.93,6239.17,2024-03-28
1252,85,2024-04,13247.57,4244.88,9002.69,2024-04-28
1253,85,2024-05,12527.1,3833.53,8693.57,2024-05-28
1254,85,2024-06,16384.66,3530.82,12853.84,2024-06-28
1255,257,2024-01,4658.57,1398.46,3260.11,2024-01-28
1256,257,2024-02,16382.38,5424.81,10957.57,2024-02-28
1257,257,2024-03,8326.3,2177.93,6148.37,2024-03-28
1258,257,2024-04,12800.16,4438.69,8361.47,2024-04-28
1259,257,2024-05,5142.52,1537.39,3605.13,2024-05-28
1260,257,2024-06,9685.46,3239.32,6446.14,2024-06-28
1261,206,2024-01,10611.0,3373.16,7237.84,2024-01-28
1262,206,2024-02,17003.92,5511.15,11492.77,2024-02-28
1263,206,2024-03,17244.97,5360.52,11884.45,2024-03-28
1264,206,2024-04,11526.36,2827.79,8698.57,2024-04-28
1265,206,2024-05,3531.04,812.34,2718.7,2024-05-28
1266,206,2024-06,15322.42,3456.41,11866.01,2024-06-28
1267,238,2024-01,7335.92,2309.72,5026.2,2024-01-28
1268,238,2024-02,14395.93,4991.96,9403.97,2024-02-28
1269,238,2024-03,5338.24,1412.1,3926.14,2024-03-28
1270,238,2024-04,7059.81,2181.27,4878.54,2024-04-28
1271,238,2024-05,6373.82,2210.11,4163.71,2024-05-28
1272,238,2024-06,12508.83,3055.15,9453.68,2024-06-28
1273,293,2024-01,6309.84,2083.96,4225.88,2024-01-28
1274,293,2024-02,13432.33,4511.28,8921.05,2024-02-28
1275,293,2024-03,15616.83,5453.9,10162.93,2024-03-28
1276,293,2024-04,6116.3,1288.58,4827.72,2024-04-28
1277,293,2024-05,5240.36,1709.84,3530.52,2024-05-28
1278,293,2024-06,6997.37,2233.79,4763.58,2024-06-28
1279,209,2024-01,3645.16,764.55,2880.61,2024-01-28
1280,209,2024-02,13137.33,4471.71,8665.62,2024-02-28
1281,209,2024-03,11002.45,3274.13,7728.32,2024-03-28
1282,209,2024-04,3452.44,1163.65,2288.79,2024-04-28
1283,209,2024-05,14057.34,3319.16,10738.18,2024-05-28
1284,209,2024-06,17520.99,3709.27,13811.72,2024-06-28
1285,289,2024-01,17813.16,3999.59,13813.57,2024-01-28
1286,289,2024-02,8451.76,2625.49,5826.27,2024-02-28
1287,289,2024-03,14569.99,3516.4,11053.59,2024-03-28
1288,289,2024-04,9663.24,2567.56,7095.68,2024-04-28
1289,289,2024-05,9953.14,2639.87,7313.27,2024-05-28
1290,289,2024-06,12757.89,3829.89,8928.0,2024-06-28
1291,78,2024-01,7357.08,1651.66,5705.42,2024-01-28
1292,78,2024-02,9203.66,3133.57,6070.09,2024-02-28
1293,78,2024-03,6491.35,1752.68,4738.67,2024-03-28
1294,78,2024-04,12885.68,2634.95,10250.73,2024-04-28
1295,78,2024-05,10863.01,3369.5,7493.51,2024-05-28
1296,78,2024-06,13976.05,4332.22,9643.83,2024-06-28
1297,161,2024-01,4637.05,1132.13,3504.92,2024-01-28
1298,161,2024-02,15589.64,3796.06,11793.58,2024-02-28
1299,161,2024-03,14570.58,3726.98,10843.6,2024-03-28
1300,161,2024-04,12090.02,2957.18,9132.84,2024-04-28
1301,161,2024-05,4932.66,1069.75,3862.91,2024-05-28
1302,161,2024-06,10639.01,2618.35,8020.66,2024-06-28
1303,119,2024-01,11796.18,2394.18,9402.0,2024-01-28
1304,119,2024-02,7191.98,2068.6,5123.38,2024-02-28
1305,119,2024-03,15399.39,4599.55,10799.84,2024-03-28
1306,119,2024-04,14689.09,3073.83,11615.26,2024-04-28
1307,119,2024-05,5543.23,1268.58,4274.65,2024-05-28
1308,119,2024-06,4070.8,1327.05,2743.75,2024-06-28
1309,166,2024-01,7401.57,2113.17,5288.4,2024-01-28
1310,166,2024-02,17987.89,4361.78,13626.11,2024-02-28
1311,166,2024-03,12014.24,2432.18,9582.06,2024-03-28
1312,166,2024-04,17364.27,4226.02,13138.25,2024-04-28
1313,166,2024-05,16322.64,3474.11,12848.53,2024-05-28
1314,166,2024-06,4100.77,1102.14,2998.63,2024-06-28
1315,65,2024-01,13068.68,3151.83,9916.85,2024-01-28
1316,65,2024-02,17516.47,3700.46,13816.01,2024-02-28
1317,65,2024-03,15010.72,3836.29,11174.43,2024-03-28
1318,65,2024-04,3139.99,669.52,2470.47,2024-04-28
1319,65,2024-05,13919.1,3856.07,10063.03,2024-05-28
1320,65,2024-06,11244.51,2314.51,8930.0,2024-06-28
1321,217,2024-01,9228.84,2912.76,6316.08,2024-01-28
1322,217,2024-02,9673.08,3109.69,6563.39,2024-02-28
1323,217,2024-03,12712.24,3052.1,9660.14,2024-03-28
1324,217,2024-04,6973.18,1633.06,5340.12,2024-04-28
1325,217,2024-05,17058.5,4261.55,12796.95,2024-05-28
1326,217,2024-06,3315.29,837.7,2477.59,2024-06-28
1327,176,2024-01,6987.52,1535.43,5452.09,2024-01-28
1328,176,2024-02,9867.41,2050.08,7817.33,2024-02-28
1329,176,2024-03,5341.22,1342.86,3998.36,2024-03-28
1330,176,2024-04,6455.01,1666.96,4788.05,2024-04-28
1331,176,2024-05,4570.76,1143.8,3426.96,2024-05-28
1332,176,2024-06,4762.23,1600.5,3161.73,2024-06-28
1333,207,2024-01,9516.39,3138.06,6378.33,2024-01-28
1334,207,2024-02,10063.24,2157.88,7905.36,2024-02-28
1335,207,2024-03,6117.09,1562.72,4554.37,2024-03-28
1336,207,2024-04,5892.12,1277.29,4614.83,2024-04-28
1337,207,2024-05,8893.3,2641.96,6251.34,2024-05-28
1338,207,2024-06,9327.92,2321.18,7006.74,2024-06-28
1339,178,2024-01,12477.06,4280.46,8196.6,2024-01-28
1340,178,2024-02,16098.98,3670.83,12428.15,2024-02-28
1341,178,2024-03,7763.95,1803.7,5960.25,2024-03-28
1342,178,2024-04,15740.38,3233.15,12507.23,2024-04-28
1343,178,2024-05,6001.02,2007.36,3993.66,2024-05-28
1344,178,2024-06,5803.39,1166.68,4636.71,2024-06-28
1345,39,2024-01,5175.47,1604.65,3570.82,2024-01-28
1346,39,2024-02,11186.1,3895.76,7290.34,2024-02-28
1347,39,2024-03,7813.21,2411.87,5401.34,2024-03-28
1348,39,2024-04,5651.99,1915.8,3736.19,2024-04-28
1349,39,2024-05,11231.9,2982.56,8249.34,2024-05-28
1350,39,2024-06,14867.54,4623.11,10244.43,2024-06-28
1351,14,2024-01,9427.71,2724.11,6703.6,2024-01-28
1352,14,2024-02,7764.01,2653.65,5110.36,2024-02-28
1353,14,2024-03,15188.49,3966.12,11222.37,2024-03-28
1354,14,2024-04,4487.02,907.46,3579.56,2024-04-28
1355,14,2024-05,16960.17,5262.87,11697.3,2024-05-28
1356,14,2024-06,12196.51,2873.9,9322.61,2024-06-28
1357,240,2024-01,4115.58,1361.09,2754.49,2024-01-28
1358,240,2024-02,17746.52,6062.0,11684.52,2024-02-28
1359,240,2024-03,13577.7,3263.18,10314.52,2024-03-28
1360,240,2024-04,3883.82,1249.43,2634.39,2024-04-28
1361,240,2024-05,12167.36,3355.28,8812.08,2024-05-28
1362,240,2024-06,5471.11,1684.16,3786.95,2024-06-28
1363,19,2024-01,12364.99,4219.23,8145.76,2024-01-28
1364,19,2024-02,4658.95,1484.81,3174.14,2024-02-28
1365,19,2024-03,5035.76,1536.52,3499.24,2024-03-28
1366,19,2024-04,14886.81,3389.87,11496.94,2024-04-28
1367,19,2024-05,10811.81,3553.23,7258.58,2024-05-28
1368,19,2024-06,7588.56,1605.22,5983.34,2024-06-28
1369,49,2024-01,13649.67,4498.03,9151.64,2024-01-28
1370,49,2024-02,6853.42,1524.91,5328.51,2024-02-28
1371,49,2024-03,8339.13,2463.28,5875.85,2024-03-28
1372,49,2024-04,7467.8,1864.09,5603.71,2024-04-28
1373,49,2024-05,3659.28,954.25,2705.03,2024-05-28
1374,49,2024-06,6908.98,1561.82,5347.16,2024-06-28
1375,136,2024-01,6642.73,2262.03,4380.7,2024-01-28
1376,136,2024-02,9502.4,2748.88,6753.52,2024-02-28
1377,136,2024-03,8905.72,2365.38,6540.34,2024-03-28
1378,136,2024-04,7176.91,1502.72,5674.19,2024-04-28
1379,136,2024-05,4245.16,1061.89,3183.27,2024-05-28
1380,136,2024-06,17282.92,3900.05,13382.87,2024-06-28
1381,279,2024-01,12608.14,2778.21,9829.93,2024-01-28
1382,279,2024-02,16169.51,3593.87,12575.64,2024-02-28
1383,279,2024-03,7066.35,1433.65,5632.7,2024-03-28
1384,279,2024-04,9391.0,2541.32,6849.68,2024-04-28
1385,279,2024-05,12262.96,2882.25,9380.71,2024-05-28
1386,279,2024-06,8781.21,2360.53,6420.68,2024-06-28
1387,6,2024-01,3999.74,1095.83,2903.91,2024-01-28
1388,6,2024-02,10660.21,3556.41,7103.8,2024-02-28
1389,6,2024-03,6771.66,1408.99,5362.67,2024-03-28
1390,6,2024-04,12145.19,2835.45,9309.74,2024-04-28
1391,6,2024-05,8377.66,2575.11,5802.55,2024-05-28
1392,6,2024-06,15918.57,3706.6,12211.97,2024-06-28
1393,110,2024-01,14135.96,3033.06,11102.9,2024-01-28
1394,110,2024-02,8331.98,2386.7,5945.28,2024-02-28
1395,110,2024-03,3821.44,867.63,2953.81,2024-03-28
1396,110,2024-04,6734.21,1783.49,4950.72,2024-04-28
1397,110,2024-05,4258.45,1305.52,2952.93,2024-05-28
1398,110,2024-06,12643.98,2559.43,10084.55,2024-06-28
1399,191,2024-01,9693.25,3355.7,6337.55,2024-01-28
1400,191,2024-02,5265.44,1694.06,3571.38,2024-02-28
1401,191,2024-03,7880.88,1714.65,6166.23,2024-03-28
1402,191,2024-04,5106.36,1514.86,3591.5,2024-04-28
1403,191,2024-05,16108.02,3361.61,12746.41,2024-05-28
1404,191,2024-06,13229.68,4464.15,8765.53,2024-06-28
1405,192,2024-01,9277.12,2671.48,6605.64,2024-01-28
1406,192,2024-02,14638.27,5074.1,9564.17,2024-02-28
1407,192,2024-03,15762.84,3199.62,12563.22,2024-03-28
1408,192,2024-04,7063.03,2126.05,4936.98,2024-04-28
1409,192,2024-05,12371.77,3851.86,8519.91,2024-05-28
1410,192,2024-06,5707.94,1702.57,4005.37,2024-06-28
1411,228,2024-01,17191.54,4669.75,12521.79,2024-01-28
1412,228,2024-02,16472.78,3829.15,12643.63,2024-02-28
1413,228,2024-03,9179.83,2902.47,6277.36,2024-03-28
1414,228,2024-04,9261.3,3085.85,6175.45,2024-04-28
1415,228,2024-05,6101.75,1967.41,4134.34,2024-05-28
1416,228,2024-06,11932.91,4123.13,7809.78,2024-06-28
1417,16,2024-01,3660.66,946.85,2713.81,2024-01-28
1418,16,2024-02,9066.04,3169.54,5896.5,2024-02-28
1419,16,2024-03,9423.13,3004.16,6418.97,2024-03-28
1420,16,2024-04,8105.53,1645.18,6460.35,2024-04-28
1421,16,2024-05,12683.87,3770.8,8913.07,2024-05-28
1422,16,2024-06,8096.38,2738.35,5358.03,2024-06-28
1423,280,2024-01,13181.65,2741.79,10439.86,2024-01-28
1424,280,2024-02,6271.7,1645.78,4625.92,2024-02-28
1425,280,2024-03,12328.47,3132.74,9195.73,2024-03-28
1426,280,2024-04,13377.62,3860.53,9517.09,2024-04-28
1427,280,2024-05,10575.1,2171.57,8403.53,2024-05-28
1428,280,2024-06,17753.08,6116.04,11637.04,2024-06-28
1429,132,2024-01,16367.1,5552.03,10815.07,2024-01-28
1430,132,2024-02,7674.44,1624.49,6049.95,2024-02-28
1431,132,2024-03,11608.7,2823.1,8785.6,2024-03-28
1432,132,2024-04,4012.94,878.92,3134.02,2024-04-28
1433,132,2024-05,6167.74,1294.45,4873.29,2024-05-28
1434,132,2024-06,3722.58,751.69,2970.89,2024-06-28
1435,271,2024-01,5700.88,1683.78,4017.1,2024-01-28
1436,271,2024-02,17287.92,5039.48,12248.44,2024-02-28
1437,271,2024-03,3634.63,944.42,2690.21,2024-03-28
1438,271,2024-04,11718.92,3683.82,8035.1,2024-04-28
1439,271,2024-05,10571.3,3290.81,7280.49,2024-05-28
1440,271,2024-06,16501.73,4813.47,11688.26,2024-06-28
1441,113,2024-01,11049.0,2894.38,8154.62,2024-01-28
1442,113,2024-02,10828.15,3156.27,7671.88,2024-02-28
1443,113,2024-03,6555.15,2134.6,4420.55,2024-03-28
1444,113,2024-04,4405.11,1173.38,3231.73,2024-04-28
1445,113,2024-05,11452.37,3932.16,7520.21,2024-05-28
1446,113,2024-06,4403.63,959.26,3444.37,2024-06-28
1447,101,2024-01,10173.56,2704.47,7469.09,2024-01-28
1448,101,2024-02,8570.25,2959.79,5610.46,2024-02-28
1449,101,2024-03,17952.41,5718.41,12234.0,2024-03-28
1450,101,2024-04,7186.15,2327.3,4858.85,2024-04-28
1451,101,2024-05,8084.86,2673.01,5411.85,2024-05-28
1452,101,2024-06,14067.16,3035.45,11031.71,2024-06-28
1453,74,2024-01,15277.87,3867.78,11410.09,2024-01-28
1454,74,2024-02,17094.82,5623.36,11471.46,2024-02-28
1455,74,2024-03,16397.0,4806.28,11590.72,2024-03-28
1456,74,2024-04,3786.56,1063.1,2723.46,2024-04-28
1457,74,2024-05,15348.64,3976.06,11372.58,2024-05-28
1458,74,2024-06,16607.89,5680.3,10927.59,2024-06-28
1459,255,2024-01,3883.32,1023.93,2859.39,2024-01-28
1460,255,2024-02,7367.06,1947.87,5419.19,2024-02-28
1461,255,2024-03,15754.87,5236.5,10518.37,2024-03-28
1462,255,2024-04,10079.72,2571.17,7508.55,2024-04-28
1463,255,2024-05,6050.68,1931.41,4119.27,2024-05-28
1464,255,2024-06,17137.49,5711.77,11425.72,2024-06-28
1465,15,2024-01,6724.99,2012.18,4712.81,2024-01-28
1466,15,2024-02,17714.69,4855.07,12859.62,2024-02-28
1467,15,2024-03,6029.09,2050.57,3978.52,2024-03-28
1468,15,2024-04,10447.03,2901.33,7545.7,2024-04-28
1469,15,2024-05,5561.7,1494.59,4067.11,2024-05-28
1470,15,2024-06,3671.47,1189.44,2482.03,2024-06-28
1471,185,2024-01,3386.55,927.53,2459.02,2024-01-28
1472,185,2024-02,4334.96,868.38,3466.58,2024-02-28
1473,185,2024-03,3045.89,898.85,2147.04,2024-03-28
1474,185,2024-04,15033.05,3019.06,12013.99,2024-04-28
1475,185,2024-05,5283.39,1246.35,4037.04,2024-05-28
1476,185,2024-06,16599.38,5343.53,11255.85,2024-06-28
1477,203,2024-01,9075.22,2628.11,6447.11,2024-01-28
1478,203,2024-02,12217.77,3500.64,8717.13,2024-02-28
1479,203,2024-03,8212.44,2510.08,5702.36,2024-03-28
1480,203,2024-04,11021.53,3521.64,7499.89,2024-04-28
1481,203,2024-05,4706.56,1224.09,3482.47,2024-05-28
1482,203,2024-06,4265.51,864.92,3400.59,2024-06-28
1483,200,2024-01,16200.75,3873.76,12326.99,2024-01-28
1484,200,2024-02,6987.92,2025.68,4962.24,2024-02-28
1485,200,2024-03,7210.45,2290.12,4920.33,2024-03-28
1486,200,2024-04,7333.94,2205.38,5128.56,2024-04-28
1487,200,2024-05,16378.59,4255.19,12123.4,2024-05-28
1488,200,2024-06,4123.38,1417.58,2705.8,2024-06-28
1489,290,2024-01,5119.65,1553.4,3566.25,2024-01-28
1490,290,2024-02,17777.86,5395.09,12382.77,2024-02-28
1491,290,2024-03,16223.19,3566.43,12656.76,2024-03-28
1492,290,2024-04,4569.82,1147.35,3422.47,2024-04-28
1493,290,2024-05,14707.84,4688.0,10019.84,2024-05-28
1494,290,2024-06,17197.57,3876.44,13321.13,2024-06-28
1495,173,2024-01,8723.47,2720.41,6003.06,2024-01-28
1496,173,2024-02,5701.2,1695.84,4005.36,2024-02-28
1497,173,2024-03,15771.38,4129.58,11641.8,2024-03-28
1498,173,2024-04,13815.46,3974.83,9840.63,2024-04-28
1499,173,2024-05,16542.57,5063.57,11479.0,2024-05-28
1500,173,2024-06,11816.28,3042.21,8774.07,2024-06-28
1501,202,2024-01,10607.14,2758.98,7848.16,2024-01-28
1502,202,2024-02,6752.63,2341.08,4411.55,2024-02-28
1503,202,2024-03,11641.97,2707.72,8934.25,2024-03-28
1504,202,2024-04,5879.63,1691.86,4187.77,2024-04-28
1505,202,2024-05,17688.46,4472.38,13216.08,2024-05-28
1506,202,2024-06,16152.36,5564.62,10587.74,2024-06-28
1507,128,2024-01,10983.62,2487.06,8496.56,2024-01-28
1508,128,2024-02,11116.43,3151.16,7965.27,2024-02-28
1509,128,2024-03,9159.29,2910.22,6249.07,2024-03-28
1510,128,2024-04,7555.93,1800.22,5755.71,2024-04-28
1511,128,2024-05,13978.77,4572.23,9406.54,2024-05-28
1512,128,2024-06,13044.38,4112.08,8932.3,2024-06-28
1513,188,2024-01,16559.96,4250.3,12309.66,2024-01-28
1514,188,2024-02,12661.58,2602.58,10059.0,2024-02-28
1515,188,2024-03,17537.39,3670.41,13866.98,2024-03-28
1516,188,2024-04,7939.32,1992.12,5947.2,2024-04-28
1517,188,2024-05,14668.71,3963.14,10705.57,2024-05-28
1518,188,2024-06,7589.4,1964.53,5624.87,2024-06-28
1519,175,2024-01,6241.11,1743.11,4498.0,2024-01-28
1520,175,2024-02,6267.26,1493.11,4774.15,2024-02-28
1521,175,2024-03,13657.21,2764.3,10892.91,2024-03-28
1522,175,2024-04,5376.72,1827.4,3549.32,2024-04-28
1523,175,2024-05,5489.1,1498.97,3990.13,2024-05-28
1524,175,2024-06,17052.5,4285.02,12767.48,2024-06-28
1525,160,2024-01,15704.24,3836.71,11867.53,2024-01-28
1526,160,2024-02,13866.68,4142.98,9723.7,2024-02-28
1527,160,2024-03,7760.17,2471.02,5289.15,2024-03-28
1528,160,2024-04,16462.36,3686.7,12775.66,2024-04-28
1529,160,2024-05,14332.41,3783.4,10549.01,2024-05-28
1530,160,2024-06,9048.63,1815.87,7232.76,2024-06-28
1531,139,2024-01,10845.62,3159.11,7686.51,2024-01-28
1532,139,2024-02,3663.37,743.52,2919.85,2024-02-28
1533,139,2024-03,17181.4,4537.26,12644.14,2024-03-28
1534,139,2024-04,7760.14,2582.9,5177.24,2024-04-28
1535,139,2024-05,9686.69,2922.0,6764.69,2024-05-28
1536,139,2024-06,13585.21,2980.8,10604.41,2024-06-28
1537,213,2024-01,8542.8,2248.74,6294.06,2024-01-28
1538,213,2024-02,11285.47,3535.95,7749.52,2024-02-28
1539,213,2024-03,6277.99,2025.89,4252.1,2024-03-28
1540,213,2024-04,6758.14,1999.01,4759.13,2024-04-28
1541,213,2024-05,3622.58,1082.62,2539.96,2024-05-28
1542,213,2024-06,13828.48,4064.2,9764.28,2024-06-28
1543,45,2024-01,3266.44,767.24,2499.2,2024-01-28
1544,45,2024-02,11613.92,3018.58,8595.34,2024-02-28
1545,45,2024-03,10905.08,3661.65,7243.43,2024-03-28
1546,45,2024-04,14197.55,3642.4,10555.15,2024-04-28
1547,45,2024-05,17227.08,4453.34,12773.74,2024-05-28
1548,45,2024-06,14332.36,3991.22,10341.14,2024-06-28
1549,42,2024-01,17984.3,4390.54,13593.76,2024-01-28
1550,42,2024-02,10965.87,3832.19,7133.68,2024-02-28
1551,42,2024-03,5061.69,1552.27,3509.42,2024-03-28
1552,42,2024-04,14904.84,5190.34,9714.5,2024-04-28
1553,42,2024-05,5749.62,1629.35,4120.27,2024-05-28
1554,42,2024-06,16383.56,5404.41,10979.15,2024-06-28
1555,212,2024-01,8168.3,2779.95,5388.35,2024-01-28
1556,212,2024-02,3332.39,674.8,2657.59,2024-02-28
1557,212,2024-03,16380.44,5236.6,11143.84,2024-03-28
1558,212,2024-04,4566.07,942.29,3623.78,2024-04-28
1559,212,2024-05,7372.31,2057.09,5315.22,2024-05-28
1560,212,2024-06,10442.85,2754.04,7688.81,2024-06-28
1561,92,2024-01,3343.12,848.61,2494.51,2024-01-28
1562,92,2024-02,10734.22,3378.83,7355.39,2024-02-28
1563,92,2024-03,15025.72,5060.73,9964.99,2024-03-28
1564,92,2024-04,6581.22,2299.72,4281.5,2024-04-28
1565,92,2024-05,15140.57,3188.09,11952.48,2024-05-28
1566,92,2024-06,12092.68,2688.75,9403.93,2024-06-28
1567,96,2024-01,17876.76,5570.04,12306.72,2024-01-28
1568,96,2024-02,8205.94,2568.75,5637.19,2024-02-28
1569,96,2024-03,10619.28,2441.32,8177.96,2024-03-28
1570,96,2024-04,10442.61,2904.42,7538.19,2024-04-28
1571,96,2024-05,7564.79,2070.62,5494.17,2024-05-28
1572,96,2024-06,16592.66,4084.03,12508.63,2024-06-28
1573,72,2024-01,16253.2,3308.26,12944.94,2024-01-28
1574,72,2024-02,15041.58,3704.39,11337.19,2024-02-28
1575,72,2024-03,10895.42,2396.25,8499.17,2024-03-28
1576,72,2024-04,15311.7,4428.53,10883.17,2024-04-28
1577,72,2024-05,15391.06,3215.74,12175.32,2024-05-28
1578,72,2024-06,13664.83,2846.73,10818.1,2024-06-28
1579,204,2024-01,10625.43,2837.9,7787.53,2024-01-28
1580,204,2024-02,16007.45,4003.58,12003.87,2024-02-28
1581,204,2024-03,3518.5,873.04,2645.46,2024-03-28
1582,204,2024-04,17577.01,4355.63,13221.38,2024-04-28
1583,204,2024-05,14931.41,4890.7,10040.71,2024-05-28
1584,204,2024-06,12484.35,4029.49,8454.86,2024-06-28
1585,297,2024-01,13694.69,4078.92,9615.77,2024-01-28
1586,297,2024-02,8886.91,2380.37,6506.54,2024-02-28
1587,297,2024-03,6259.15,1617.1,4642.05,2024-03-28
1588,297,2024-04,7036.85,2433.45,4603.4,2024-04-28
1589,297,2024-05,10076.44,2143.06,7933.38,2024-05-28
1590,297,2024-06,8344.33,2705.52,5638.81,2024-06-28
1591,189,2024-01,15464.63,4796.94,10667.69,2024-01-28
1592,189,2024-02,5247.47,1298.22,3949.25,2024-02-28
1593,189,2024-03,9236.15,1936.44,7299.71,2024-03-28
1594,189,2024-04,7128.79,2367.79,4761.0,2024-04-28
1595,189,2024-05,14920.05,4529.37,10390.68,2024-05-28
1596,189,2024-06,17411.09,4172.81,13238.28,2024-06-28
1597,75,2024-01,6631.16,1626.36,5004.8,2024-01-28
1598,75,2024-02,8130.34,2167.08,5963.26,2024-02-28
1599,75,2024-03,5429.45,1452.05,3977.4,2024-03-28
1600,75,2024-04,8425.28,2311.21,6114.07,2024-04-28
1601,75,2024-05,6044.49,1900.21,4144.28,2024-05-28
1602,75,2024-06,4024.73,1330.42,2694.31,2024-06-28
1603,52,2024-01,8865.23,1879.46,6985.77,2024-01-28
1604,52,2024-02,13045.48,4107.81,8937.67,2024-02-28
1605,52,2024-03,11932.0,2935.11,8996.89,2024-03-28
1606,52,2024-04,16472.31,3443.2,13029.11,2024-04-28
1607,52,2024-05,15378.1,4432.36,10945.74,2024-05-28
1608,52,2024-06,7911.06,2385.11,5525.95,2024-06-28
1609,60,2024-01,14851.07,4986.08,9864.99,2024-01-28
1610,60,2024-02,13152.88,4459.91,8692.97,2024-02-28
1611,60,2024-03,12821.63,3384.83,9436.8,2024-03-28
1612,60,2024-04,4896.06,1361.31,3534.75,2024-04-28
1613,60,2024-05,12388.07,4269.34,8118.73,2024-05-28
1614,60,2024-06,10108.02,2747.17,7360.85,2024-06-28
1615,288,2024-01,7927.26,1585.63,6341.63,2024-01-28
1616,288,2024-02,6366.17,2169.81,4196.36,2024-02-28
1617,288,2024-03,10066.48,2196.62,7869.86,2024-03-28
1618,288,2024-04,8168.25,2719.15,5449.1,2024-04-28
1619,288,2024-05,9775.56,2920.97,6854.59,2024-05-28
1620,288,2024-06,3097.64,678.87,2418.77,2024-06-28
1621,184,2024-01,12712.38,2854.01,9858.37,2024-01-28
1622,184,2024-02,15276.75,4883.14,10393.61,2024-02-28
1623,184,2024-03,12673.03,3354.95,9318.08,2024-03-28
1624,184,2024-04,8127.52,2320.49,5807.03,2024-04-28
1625,184,2024-05,16696.3,4282.0,12414.3,2024-05-28
1626,184,2024-06,8429.18,1911.84,6517.34,2024-06-28
1627,264,2024-01,8547.52,2032.37,6515.15,2024-01-28
1628,264,2024-02,13113.14,3131.01,9982.13,2024-02-28
1629,264,2024-03,6515.47,1601.13,4914.34,2024-03-28
1630,264,2024-04,12508.43,3458.89,9049.54,2024-04-28
1631,264,2024-05,17809.28,5091.0,12718.28,2024-05-28
1632,264,2024-06,12075.85,3069.53,9006.32,2024-06-28
1633,172,2024-01,8370.46,1971.49,6398.97,2024-01-28
1634,172,2024-02,12850.54,3781.36,9069.18,2024-02-28
1635,172,2024-03,5542.66,1678.74,3863.92,2024-03-28
1636,172,2024-04,15840.57,3790.66,12049.91,2024-04-28
1637,172,2024-05,3504.4,836.0,2668.4,2024-05-28
1638,172,2024-06,6899.5,2275.74,4623.76,2024-06-28
1639,190,2024-01,8370.76,2774.47,5596.29,2024-01-28
1640,190,2024-02,13474.52,3928.5,9546.02,2024-02-28
1641,190,2024-03,17676.53,5412.34,12264.19,2024-03-28
1642,190,2024-04,17501.9,3679.06,13822.84,2024-04-28
1643,190,2024-05,11432.93,3409.97,8022.96,2024-05-28
1644,190,2024-06,8776.35,2665.25,6111.1,2024-06-28
1645,154,2024-01,12100.21,3935.27,8164.94,2024-01-28
1646,154,2024-02,3936.55,1293.72,2642.83,2024-02-28
1647,154,2024-03,10671.64,2664.43,8007.21,2024-03-28
1648,154,2024-04,13840.41,4566.26,9274.15,2024-04-28
1649,154,2024-05,10792.0,2260.02,8531.98,2024-05-28
1650,154,2024-06,16140.22,5090.57,11049.65,2024-06-28
1651,77,2024-01,10765.59,2591.42,8174.17,2024-01-28
1652,77,2024-02,17586.05,5570.13,12015.92,2024-02-28
1653,77,2024-03,6370.65,1399.75,4970.9,2024-03-28
1654,77,2024-04,11745.04,3563.15,8181.89,2024-04-28
1655,77,2024-05,9992.23,3072.82,6919.41,2024-05-28
1656,77,2024-06,11236.72,2771.09,8465.63,2024-06-28
1657,218,2024-01,16092.74,3645.18,12447.56,2024-01-28
1658,218,2024-02,7204.49,1609.31,5595.18,2024-02-28
1659,218,2024-03,16454.99,5190.05,11264.94,2024-03-28
1660,218,2024-04,15301.96,4289.79,11012.17,2024-04-28
1661,218,2024-05,3111.13,948.37,2162.76,2024-05-28
1662,218,2024-06,10733.43,2766.92,7966.51,2024-06-28
1663,32,2024-01,13860.18,4077.33,9782.85,2024-01-28
1664,32,2024-02,13668.68,3877.74,9790.94,2024-02-28
1665,32,2024-03,12327.18,3462.57,8864.61,2024-03-28
1666,32,2024-04,9770.69,2246.33,7524.36,2024-04-28
1667,32,2024-05,16457.29,3920.8,12536.49,2024-05-28
1668,32,2024-06,12857.55,3511.99,9345.56,2024-06-28
1669,229,2024-01,7610.13,2441.2,5168.93,2024-01-28
1670,229,2024-02,4553.99,1150.53,3403.46,2024-02-28
1671,229,2024-03,11248.06,2576.14,8671.92,2024-03-28
1672,229,2024-04,14730.73,4132.74,10597.99,2024-04-28
1673,229,2024-05,8120.66,2119.46,6001.2,2024-05-28
1674,229,2024-06,15583.45,4060.25,11523.2,2024-06-28
1675,221,2024-01,3974.67,1086.35,2888.32,2024-01-28
1676,221,2024-02,8671.29,2350.42,6320.87,2024-02-28
1677,221,2024-03,4287.05,1334.59,2952.46,2024-03-28
1678,221,2024-04,13837.44,3177.4,10660.04,2024-04-28
1679,221,2024-05,7376.46,2248.38,5128.08,2024-05-28
1680,221,2024-06,17720.38,5951.75,11768.63,2024-06-28
1681,130,2024-01,11537.48,3767.24,7770.24,2024-01-28
1682,130,2024-02,8967.03,2352.13,6614.9,2024-02-28
1683,130,2024-03,14621.7,3188.16,11433.54,2024-03-28
1684,130,2024-04,5544.24,1729.86,3814.38,2024-04-28
1685,130,2024-05,12915.02,3778.93,9136.09,2024-05-28
1686,130,2024-06,11183.1,3449.39,7733.71,2024-06-28
1687,28,2024-01,12645.74,3347.8,9297.94,2024-01-28
1688,28,2024-02,16198.37,4195.26,12003.11,2024-02-28
1689,28,2024-03,17035.69,3601.34,13434.35,2024-03-28
1690,28,2024-04,5079.24,1253.57,3825.67,2024-04-28
1691,28,2024-05,11542.47,3397.82,8144.65,2024-05-28
1692,28,2024-06,5720.22,1365.1,4355.12,2024-06-28
1693,64,2024-01,9072.28,3141.47,5930.81,2024-01-28
1694,64,2024-02,16925.92,4460.68,12465.24,2024-02-28
1695,64,2024-03,3636.23,1101.93,2534.3,2024-03-28
1696,64,2024-04,4537.5,1480.66,3056.84,2024-04-28
1697,64,2024-05,4380.03,1051.87,3328.16,2024-05-28
1698,64,2024-06,12983.85,3296.55,9687.3,2024-06-28
1699,278,2024-01,12145.27,3037.5,9107.77,2024-01-28
1700,278,2024-02,11051.65,3357.25,7694.4,2024-02-28
1701,278,2024-03,5884.22,1455.27,4428.95,2024-03-28
1702,278,2024-04,5270.01,1451.43,3818.58,2024-04-28
1703,278,2024-05,17716.29,3612.07,14104.22,2024-05-28
1704,278,2024-06,12303.44,3000.16,9303.28,2024-06-28
1705,216,2024-01,4052.73,1283.08,2769.65,2024-01-28
1706,216,2024-02,6587.65,1654.61,4933.04,2024-02-28
1707,216,2024-03,4928.65,1197.13,3731.52,2024-03-28
1708,216,2024-04,15484.58,4997.54,10487.04,2024-04-28
1709,216,2024-05,4438.27,931.25,3507.02,2024-05-28
1710,216,2024-06,16137.11,4481.02,11656.09,2024-06-28
1711,122,2024-01,5785.36,1313.91,4471.45,2024-01-28
1712,122,2024-02,3993.21,866.49,3126.72,2024-02-28
1713,122,2024-03,11486.85,2442.53,9044.32,2024-03-28
1714,122,2024-04,4381.18,1272.95,3108.23,2024-04-28
1715,122,2024-05,3028.89,979.62,2049.27,2024-05-28
1716,122,2024-06,9521.77,2578.71,6943.06,2024-06-28
1717,261,2024-01,9411.57,2824.6,6586.97,2024-01-28
1718,261,2024-02,5961.28,1970.65,3990.63,2024-02-28
1719,261,2024-03,6142.99,1959.63,4183.36,2024-03-28
1720,261,2024-04,8867.94,2922.35,5945.59,2024-04-28
1721,261,2024-05,7690.71,2176.71,5514.0,2024-05-28
1722,261,2024-06,5897.45,1966.54,3930.91,2024-06-28
1723,196,2024-01,5420.28,1346.18,4074.1,2024-01-28
1724,196,2024-02,3121.76,728.73,2393.03,2024-02-28
1725,196,2024-03,8411.17,1988.91,6422.26,2024-03-28
1726,196,2024-04,16773.87,5235.16,11538.71,2024-04-28
1727,196,2024-05,17498.9,5639.94,11858.96,2024-05-28
1728,196,2024-06,4328.19,930.71,3397.48,2024-06-28
1729,215,2024-01,8059.48,1974.46,6085.02,2024-01-28
1730,215,2024-02,9052.47,2255.2,6797.27,2024-02-28
1731,215,2024-03,15837.35,3331.41,12505.94,2024-03-28
1732,215,2024-04,11689.86,3510.22,8179.64,2024-04-28
1733,215,2024-05,8372.48,2391.4,5981.08,2024-05-28
1734,215,2024-06,15786.31,4220.48,11565.83,2024-06-28
1735,246,2024-01,3634.17,778.78,2855.39,2024-01-28
1736,246,2024-02,15070.48,3018.31,12052.17,2024-02-28
1737,246,2024-03,9428.93,2816.35,6612.58,2024-03-28
1738,246,2024-04,4889.2,1382.56,3506.64,2024-04-28
1739,246,2024-05,5799.16,1218.09,4581.07,2024-05-28
1740,246,2024-06,6986.3,2364.27,4622.03,2024-06-28
1741,141,2024-01,7946.27,2031.34,5914.93,2024-01-28
1742,141,2024-02,15069.12,4967.31,10101.81,2024-02-28
1743,141,2024-03,14784.04,4896.75,9887.29,2024-03-28
1744,141,2024-04,12241.17,3395.0,8846.17,2024-04-28
1745,141,2024-05,15052.84,5207.05,9845.79,2024-05-28
1746,141,2024-06,9554.2,2532.22,7021.98,2024-06-28
1747,262,2024-01,9290.35,3044.99,6245.36,2024-01-28
1748,262,2024-02,7504.5,2254.04,5250.46,2024-02-28
1749,262,2024-03,13790.34,4615.12,9175.22,2024-03-28
1750,262,2024-04,10616.39,2309.71,8306.68,2024-04-28
1751,262,2024-05,12925.46,4389.86,8535.6,2024-05-28
1752,262,2024-06,5909.81,1299.23,4610.58,2024-06-28
1753,66,2024-01,9187.66,2455.59,6732.07,2024-01-28
1754,66,2024-02,5893.29,1302.08,4591.21,2024-02-28
1755,66,2024-03,3406.81,1100.75,2306.06,2024-03-28
1756,66,2024-04,14764.61,3561.42,11203.19,2024-04-28
1757,66,2024-05,16013.23,4597.15,11416.08,2024-05-28
1758,66,2024-06,5202.32,1516.34,3685.98,2024-06-28
1759,259,2024-01,5102.05,1078.86,4023.19,2024-01-28
1760,259,2024-02,12213.08,2763.06,9450.02,2024-02-28
1761,259,2024-03,9703.48,3333.64,6369.84,2024-03-28
1762,259,2024-04,12634.44,4027.14,8607.3,2024-04-28
1763,259,2024-05,8117.97,2148.26,5969.71,2024-05-28
1764,259,2024-06,12955.52,3643.41,9312.11,2024-06-28
1765,186,2024-01,5542.26,1587.18,3955.08,2024-01-28
1766,186,2024-02,14067.93,3874.25,10193.68,2024-02-28
1767,186,2024-03,5015.85,1092.45,3923.4,2024-03-28
1768,186,2024-04,5076.07,1029.32,4046.75,2024-04-28
1769,186,2024-05,10674.02,3292.87,7381.15,2024-05-28
1770,186,2024-06,12227.83,2797.67,9430.16,2024-06-28
1771,114,2024-01,14350.57,4962.29,9388.28,2024-01-28
1772,114,2024-02,16204.75,5469.34,10735.41,2024-02-28
1773,114,2024-03,4572.82,1524.19,3048.63,2024-03-28
1774,114,2024-04,14715.09,5041.31,9673.78,2024-04-28
1775,114,2024-05,13163.49,3358.44,9805.05,2024-05-28
1776,114,2024-06,8240.65,2016.57,6224.08,2024-06-28
1777,295,2024-01,17763.91,3762.29,14001.62,2024-01-28
1778,295,2024-02,11382.17,3560.31,7821.86,2024-02-28
1779,295,2024-03,13846.63,4798.66,9047.97,2024-03-28
1780,295,2024-04,10692.87,3662.34,7030.53,2024-04-28
1781,295,2024-05,3571.83,1104.08,2467.75,2024-05-28
1782,295,2024-06,15823.88,3179.33,12644.55,2024-06-28
1783,174,2024-01,17586.31,5316.75,12269.56,2024-01-28
1784,174,2024-02,13454.76,4447.14,9007.62,2024-02-28
1785,174,2024-03,10812.16,2290.95,8521.21,2024-03-28
1786,174,2024-04,13511.07,3108.7,10402.37,2024-04-28
1787,174,2024-05,15301.62,5132.31,10169.31,2024-05-28
1788,174,2024-06,6168.35,1455.96,4712.39,2024-06-28
1789,205,2024-01,3014.58,764.68,2249.9,2024-01-28
1790,205,2024-02,6929.85,1579.07,5350.78,2024-02-28
1791,205,2024-03,14030.51,3032.81,10997.7,2024-03-28
1792,205,2024-04,16650.31,4189.3,12461.01,2024-04-28
1793,205,2024-05,11614.75,3402.16,8212.59,2024-05-28
1794,205,2024-06,14087.13,4183.79,9903.34,2024-06-28
1795,35,2024-01,4950.79,1051.05,3899.74,2024-01-28
1796,35,2024-02,13250.94,3833.3,9417.64,2024-02-28
1797,35,2024-03,17531.09,5074.33,12456.76,2024-03-28
1798,35,2024-04,15636.76,5456.12,10180.64,2024-04-28
1799,35,2024-05,12323.31,3680.88,8642.43,2024-05-28
1800,35,2024-06,12034.01,2526.77,9507.24,2024-06-28
