review_id,employee_id,reviewer_id,review_period,rating,comments,review_date
1,208,12,Q1 2024,4.8,Trouble move away former face safe study.,2024-12-24
2,274,2,Q1 2024,2.8,Actually science past war good question.,2024-02-29
3,11,25,Q2 2024,3.1,Turn prove wind into.,2024-04-17
4,31,4,Q2 2024,2.3,Represent future general probably possible service.,2024-04-17
5,71,11,Q4 2023,2.8,By six civil beautiful.,2023-10-13
6,18,1,Q2 2024,2.9,Live area product something person choose.,2024-04-28
7,276,12,Q4 2023,4.5,Attorney box long natural until.,2024-01-31
8,300,25,Q4 2023,5.0,Hit stay plan.,2024-01-30
9,281,9,Q4 2023,4.9,Friend career cup main much.,2024-11-22
10,47,24,Annual 2023,2.4,Choice than her player result positive happen determine.,2025-01-08
11,188,17,Q1 2024,4.5,Base experience charge find again ahead second.,2024-01-25
12,25,30,Q2 2024,1.9,Store significant early sell north recent them.,2024-07-30
13,40,18,Q2 2024,2.2,Debate employee general probably.,2024-01-08
14,243,5,Q3 2024,4.4,Surface here decade wife sense movement election.,2023-11-17
15,72,20,Annual 2023,4.8,Probably cut raise include now think future.,2024-10-15
16,106,25,Q1 2024,1.7,Try cause behind single project.,2024-04-12
17,79,8,Q4 2023,1.6,Sport sound clear.,2023-10-19
18,197,26,Q4 2023,3.9,Hotel contain knowledge soldier detail thought.,2024-07-12
19,90,22,Q3 2024,2.1,South maintain year firm.,2023-12-18
20,295,6,Q3 2024,2.5,Determine space eat wear half hot.,2024-12-29
21,202,11,Q3 2024,3.2,Party within employee kid fall international.,2024-01-22
22,40,14,Annual 2023,1.8,Everything soon explain happen.,2024-04-07
23,182,29,Annual 2023,4.8,Against image catch accept.,2023-10-28
24,106,13,Q3 2024,2.3,Official wife industry him up teach.,2024-10-17
25,145,6,Q2 2024,3.0,Stand approach instead call.,2024-02-08
26,224,14,Q4 2023,4.5,Then represent conference war science reduce pass.,2024-10-16
27,65,6,Q4 2023,4.7,Sing either theory term authority offer feeling than.,2024-06-03
28,200,3,Q4 2023,2.6,Too control skin fall management nearly.,2024-05-13
29,7,9,Q3 2024,5.0,Expert general manage.,2024-03-20
30,86,25,Q2 2024,2.5,Less theory health tell fact pretty learn.,2024-10-22
31,88,23,Q1 2024,2.8,Discover particularly care fall new.,2024-11-04
32,219,9,Q2 2024,2.8,Similar cover population thing.,2024-08-05
33,231,18,Q1 2024,2.8,Unit recognize especially ask.,2024-01-26
34,247,3,Annual 2023,4.4,Major she knowledge house imagine detail.,2024-08-31
35,204,2,Q2 2024,2.5,Support six space international.,2024-10-19
36,262,20,Q4 2023,4.7,Both write third.,2024-01-22
37,36,4,Q4 2023,1.7,Agree we any thousand.,2024-03-27
38,195,28,Q3 2024,2.3,Factor truth call stage significant thank data.,2024-12-26
39,290,20,Q3 2024,2.1,Institution later office age so.,2023-11-17
40,50,25,Q3 2024,2.5,Voice reality painting material.,2024-01-02
41,131,1,Q1 2024,2.7,Recently high system policy.,2024-09-11
42,134,7,Q4 2023,3.6,Paper experience itself trouble card.,2024-11-07
43,32,23,Annual 2023,3.0,World true evidence resource appear term certainly.,2024-07-07
44,14,17,Annual 2023,2.3,Hard test traditional us hear station wide themselves.,2024-06-26
45,190,29,Q3 2024,5.0,Board forward hot little.,2024-08-26
46,115,14,Q3 2024,2.6,Resource thus politics must any weight safe.,2024-08-20
47,288,15,Q3 2024,4.2,Police rock along effort attention example evening.,2024-05-17
48,295,19,Q4 2023,2.4,Give his meeting away.,2024-03-27
49,150,30,Q2 2024,3.7,Street course plant billion middle.,2024-08-27
50,30,24,Q3 2024,2.2,Local leader good anyone among.,2024-06-28
51,86,26,Q4 2023,2.6,Billion idea use.,2024-06-20
52,131,19,Q4 2023,4.6,Example body subject late energy before.,2024-06-27
53,168,2,Q4 2023,3.3,Also thousand so price if paper really position.,2024-08-24
54,221,30,Q4 2023,4.7,Low bill behavior hand until.,2024-10-25
55,163,8,Q1 2024,4.2,Wonder military institution be number step.,2023-11-24
56,171,17,Q1 2024,3.4,Just often require dark current including.,2024-04-24
57,225,17,Annual 2023,2.4,Thank rest ten four without debate couple.,2023-11-25
58,56,28,Annual 2023,4.7,Poor attack girl force relationship nation.,2024-09-12
59,82,26,Q3 2024,2.9,Half dream easy prevent side.,2023-11-06
60,289,20,Annual 2023,2.0,Clear city hundred center life since lot.,2024-03-21
61,88,7,Q4 2023,4.6,Analysis race much environment interesting nature painting.,2023-10-11
62,5,24,Q2 2024,4.0,Above themselves dark charge middle.,2024-08-14
63,189,28,Annual 2023,3.7,Citizen stay condition senior involve.,2024-01-06
64,163,3,Annual 2023,4.5,Specific develop first point specific report clearly.,2024-03-28
65,232,2,Q3 2024,2.2,Themselves have feel blood.,2024-01-01
66,22,19,Q2 2024,2.8,Above name stand walk account.,2024-01-22
67,11,3,Q3 2024,2.6,Under by reveal account lead stock new.,2024-04-26
68,141,26,Q1 2024,3.7,Wear soldier light turn.,2024-06-03
69,81,23,Annual 2023,4.4,Building service fall five.,2024-09-01
70,148,3,Q1 2024,2.2,Present TV cup sister article kind bar.,2024-06-09
71,168,17,Q1 2024,2.9,Answer center tax cell.,2024-11-03
72,114,5,Annual 2023,4.6,Push major thousand who give.,2024-02-14
73,21,3,Q1 2024,3.1,Support reality language like serious strong situation.,2024-11-30
74,98,29,Q1 2024,4.1,Various question old listen heavy report.,2025-01-29
75,249,1,Annual 2023,3.1,Glass human show image American participant.,2024-06-27
76,136,14,Q4 2023,3.6,Model doctor explain entire admit require.,2024-07-09
77,239,16,Q2 2024,3.2,Claim station example catch.,2024-08-22
78,55,14,Annual 2023,4.3,Radio hair sister person whatever consumer.,2024-05-17
79,177,20,Q2 2024,3.2,Often set during perhaps.,2024-04-29
80,25,3,Q1 2024,1.6,Learn gun expect.,2024-04-22
81,227,16,Q3 2024,1.7,Instead several free small only.,2024-07-31
82,237,2,Q1 2024,3.3,Traditional forget seat benefit.,2023-12-07
83,190,21,Q4 2023,2.8,However stock charge across.,2024-12-17
84,37,18,Q1 2024,2.8,Allow husband night response prove suddenly travel.,2023-10-02
85,270,30,Q3 2024,4.3,Lay news take determine eye matter debate man.,2024-11-19
86,233,2,Q1 2024,3.2,Outside blue now line.,2024-11-28
87,11,4,Q1 2024,4.7,Stand his wife represent.,2024-10-19
88,72,5,Q1 2024,2.1,World hold exist story speech age.,2024-04-20
89,287,27,Q2 2024,4.6,Before yet manager catch price.,2025-01-26
90,22,11,Q1 2024,4.5,Half single center hotel four teach.,2023-10-19
91,63,30,Q1 2024,4.2,Top write marriage campaign able specific ready same.,2024-12-31
92,280,30,Q1 2024,4.1,Again hospital anyone fight.,2024-07-16
93,101,26,Q3 2024,4.0,So floor operation nice full decade.,2023-11-27
94,3,26,Q4 2023,4.7,Many boy west data.,2024-05-11
95,266,29,Q4 2023,4.5,These receive cup doctor.,2023-10-21
96,57,10,Annual 2023,2.6,Suddenly travel high require strategy customer.,2023-11-11
97,218,8,Q2 2024,3.5,Become around reveal.,2024-10-15
98,78,12,Q1 2024,3.5,Appear star open at kitchen box about wait.,2024-02-09
99,70,30,Annual 2023,4.8,Whose community popular way from weight ask.,2024-06-16
100,198,4,Q4 2023,3.1,Thing outside conference raise perform discover type.,2023-11-25
101,33,29,Q4 2023,1.6,Plan individual because show hour.,2024-11-04
102,80,27,Q3 2024,2.4,Trouble agent small bank world purpose investment.,2024-03-03
103,200,11,Q3 2024,1.6,Give worker set field.,2023-12-20
104,142,30,Q2 2024,4.7,Thus wonder shoulder suggest the treat detail.,2023-11-12
105,266,22,Q2 2024,4.7,Already give nature deep.,2024-11-30
106,135,21,Annual 2023,1.7,Across party market dark language.,2024-09-21
107,239,12,Annual 2023,4.4,Face cause newspaper would section cause instead.,2024-03-17
108,2,29,Q2 2024,2.5,Listen impact tell positive serious.,2024-02-06
109,71,14,Q2 2024,2.4,If magazine look term.,2024-04-09
110,92,8,Q1 2024,3.8,Manager huge today probably my when important.,2024-08-18
111,165,10,Annual 2023,3.0,It moment professor group because.,2025-01-25
112,64,28,Q2 2024,2.0,These site claim under commercial city.,2023-12-19
113,9,13,Q1 2024,3.9,It kitchen store method now reach.,2024-08-11
114,67,1,Q2 2024,1.9,Poor beat house stage college nearly political.,2024-06-25
115,213,15,Q4 2023,4.4,Whose a fact on space not blood.,2024-11-06
116,237,9,Q3 2024,3.3,Game live let its window structure.,2023-12-25
117,92,17,Q4 2023,3.4,Fast near could news where mother.,2024-06-12
118,100,20,Q1 2024,1.7,Ahead authority report various by kid.,2024-12-01
119,154,20,Q4 2023,2.3,Form necessary country attorney statement opportunity.,2024-09-22
120,297,30,Q4 2023,3.0,Test go behavior mouth bag box.,2024-12-17
121,230,25,Q4 2023,2.1,Moment always their guess analysis.,2024-04-11
122,17,21,Q2 2024,4.8,Contain especially region Congress way night threat glass.,2024-09-28
123,223,21,Q3 2024,4.5,Yeah phone politics similar operation adult big.,2024-08-02
124,36,30,Q1 2024,2.4,Future actually popular hot.,2024-09-30
125,253,4,Q4 2023,2.5,Already every occur why husband poor general yet.,2024-07-31
126,168,28,Q3 2024,5.0,Dinner country painting start.,2024-03-13
127,258,28,Q3 2024,4.1,Administration collection among site material crime wait.,2025-01-08
128,209,12,Q4 2023,3.1,Size toward prepare interest employee.,2025-01-27
129,61,8,Q4 2023,1.9,Later dream war same explain agent speak.,2024-01-10
130,131,6,Q4 2023,3.3,This real southern several figure watch which.,2024-07-24
131,109,21,Q2 2024,3.3,Top question traditional eight result myself.,2024-12-08
132,238,25,Q2 2024,2.0,Smile gun fight vote despite form assume.,2024-11-04
133,89,26,Q4 2023,4.2,Pretty to window production industry until.,2024-05-06
134,165,9,Annual 2023,3.7,Cup section environment cup father scientist director.,2023-12-05
135,256,28,Q3 2024,4.2,Pressure war picture take story democratic.,2024-10-29
136,149,14,Q3 2024,2.7,Stop military drive ahead production leave.,2024-02-18
137,31,7,Q1 2024,4.0,Modern above meet participant during significant.,2023-12-19
138,52,28,Q3 2024,2.3,Sign particular despite stop edge during.,2024-04-30
139,168,25,Annual 2023,2.5,You real term all agency right.,2025-01-03
140,104,18,Annual 2023,2.1,Five arrive yes all company.,2024-01-19
141,70,8,Q3 2024,4.3,Husband close state anything culture.,2024-03-19
142,126,7,Q3 2024,2.9,Truth serve serve note.,2024-06-20
143,83,5,Annual 2023,3.6,Land trip majority center will fire play.,2024-10-10
144,213,27,Q3 2024,4.2,Project wide above no agreement instead.,2024-09-08
145,189,10,Annual 2023,4.7,Next go great put ready player.,2023-12-16
146,3,26,Q2 2024,4.4,Yeah age continue none find.,2024-08-10
147,281,1,Q1 2024,2.2,Dinner ask training others sign rather.,2024-11-18
148,239,21,Q4 2023,1.8,Station seek per strategy former.,2024-08-09
149,40,29,Q3 2024,3.9,Something right beyond central.,2024-06-03
150,5,4,Q3 2024,4.6,Office ever than husband continue leave.,2023-11-28
151,41,12,Annual 2023,1.9,Chance its put town south.,2024-04-12
152,79,7,Q1 2024,2.7,Book anything guy development court resource.,2024-08-08
153,140,6,Annual 2023,1.8,Give garden bag place issue American.,2024-04-01
154,280,15,Q4 2023,2.7,Statement personal once food bad program type general.,2024-07-22
155,33,13,Q2 2024,4.6,Fine range read recognize under individual.,2024-05-17
156,187,1,Q3 2024,4.6,Cost suddenly indeed customer kind history young.,2024-11-23
157,71,4,Q3 2024,1.7,Suffer property store hear.,2024-08-31
158,286,27,Q1 2024,1.7,Rest several section set either big.,2024-08-25
159,297,28,Q3 2024,2.5,Agreement election budget wish pretty hot.,2023-10-08
160,19,5,Q4 2023,3.2,Operation usually interest.,2023-12-10
161,8,22,Q4 2023,2.7,Base strategy drive so dog.,2024-07-16
162,149,5,Q4 2023,3.8,Our wear job management arrive friend Republican return.,2024-08-17
163,97,18,Q1 2024,4.4,Music truth by quality rich key quality beyond.,2024-06-26
164,89,13,Q2 2024,4.8,Weight democratic sit still.,2024-12-20
165,202,26,Q4 2023,3.0,Turn most although maybe sure bed factor.,2024-01-24
166,52,3,Q3 2024,2.4,Arm hard staff husband.,2024-10-17
167,32,15,Q3 2024,2.3,Animal quickly need size down east.,2024-08-01
168,258,28,Q4 2023,5.0,Likely short kid level.,2024-02-19
169,56,9,Q2 2024,3.0,Participant book former opportunity security pick create be.,2025-01-01
170,150,5,Annual 2023,2.3,Positive eat third head trip.,2024-11-10
171,193,22,Q3 2024,4.1,Though rate talk professor.,2024-12-28
172,58,10,Q2 2024,3.3,Low budget politics fly impact raise boy pull.,2024-01-12
173,260,28,Q1 2024,2.9,Painting hope site fund ask later tax.,2024-03-02
174,69,23,Annual 2023,4.0,Born interview rate bar approach me direction.,2024-11-30
175,161,30,Q3 2024,4.6,Choose better near however tonight skin kind quickly.,2024-03-31
176,273,10,Q4 2023,2.4,Sing box agree carry message later.,2024-07-12
177,299,10,Q4 2023,4.6,Kind factor sure.,2023-12-08
178,261,19,Q4 2023,4.3,Subject ball tell argue ever anything speak concern.,2023-12-22
179,157,11,Annual 2023,3.1,Simply help southern during.,2024-07-15
180,285,19,Annual 2023,2.1,Never alone defense vote point they color.,2025-01-16
181,148,11,Q3 2024,3.9,Me laugh however down single evening.,2023-10-14
182,144,5,Q1 2024,1.6,Sit small event range learn girl personal movie.,2023-11-27
183,154,21,Annual 2023,3.6,Drive interest measure and.,2023-11-30
184,57,25,Q4 2023,3.1,Store professor land author the.,2024-03-13
185,144,12,Q2 2024,3.5,Beyond each heart beyond financial chance.,2024-12-02
186,17,24,Q3 2024,3.0,Dog price college someone.,2024-08-13
187,280,13,Q4 2023,4.8,All nearly culture room.,2024-10-15
188,221,20,Q2 2024,4.5,Mission rich PM develop subject down.,2024-01-19
189,122,19,Q3 2024,4.3,Quality quite possible reduce wrong scene outside.,2025-01-17
190,5,2,Q2 2024,3.8,See or fill magazine lot animal age.,2024-10-12
191,180,7,Annual 2023,2.7,Ball recognize between anyone.,2024-09-02
192,94,28,Q3 2024,2.9,Tree lead its especially half some some.,2024-01-14
193,233,27,Q4 2023,3.8,Study fly Congress learn more ball body.,2024-01-20
194,55,6,Q3 2024,2.1,Send performance sometimes fight employee guy painting center.,2024-04-03
195,272,24,Q4 2023,4.3,General hope boy control into back.,2023-12-02
196,114,4,Q1 2024,1.7,Land range break sense may indeed.,2024-03-28
197,63,16,Q2 2024,3.8,Suffer drive great blood.,2024-04-04
198,286,7,Q4 2023,2.0,Share high simply name vote head.,2024-02-28
199,289,21,Q2 2024,1.9,Debate better name system local expert yeah.,2023-11-14
200,174,14,Annual 2023,2.6,Role design pretty response.,2024-01-21
201,284,16,Annual 2023,3.2,Project which few skin though.,2024-05-22
202,36,8,Q3 2024,4.8,Management daughter despite father.,2024-12-26
203,111,12,Annual 2023,3.9,Author lead single range.,2023-11-12
204,29,30,Q3 2024,4.2,Phone bill control memory.,2024-02-20
205,276,29,Q2 2024,2.7,Over wrong say debate.,2023-12-21
206,248,7,Annual 2023,3.0,Energy agree economic finish much north.,2024-02-21
207,102,22,Q2 2024,4.5,Member low against help next which able everything.,2024-05-08
208,43,25,Q2 2024,1.5,Main owner political husband dinner.,2024-08-02
209,73,30,Annual 2023,3.0,She office Congress weight.,2024-06-30
210,244,18,Q3 2024,2.0,Box popular lot arm form development ask traditional.,2024-09-20
211,242,16,Q3 2024,1.9,Help view certain.,2024-01-22
212,204,22,Q4 2023,4.3,Bank later campaign church.,2023-10-25
213,226,28,Q3 2024,1.6,Buy court beautiful box recent significant watch.,2024-04-14
214,193,20,Annual 2023,1.9,Summer lose quality.,2025-01-20
215,66,24,Annual 2023,2.6,Party so road prevent strategy local expect.,2024-12-11
216,203,17,Q3 2024,3.5,Large outside firm upon care make book national.,2024-02-18
217,150,3,Q4 2023,2.5,So write green scene need movement.,2024-07-19
218,122,7,Q1 2024,4.2,Yet through act baby.,2023-11-12
219,45,11,Q4 2023,4.1,Place range whatever religious image.,2024-09-27
220,278,11,Q3 2024,4.9,Behind impact stop collection leave.,2023-12-27
221,199,24,Q2 2024,1.8,Strategy large concern term increase industry.,2023-10-22
222,202,23,Q1 2024,4.0,Participant design trial medical become.,2024-10-19
223,210,8,Q2 2024,2.3,Moment ready operation oil one.,2024-04-07
224,63,18,Q3 2024,4.5,Most way recently box debate statement.,2023-12-14
225,46,14,Q3 2024,2.9,Baby yard girl somebody receive boy develop.,2024-01-11
226,32,27,Q4 2023,4.1,Instead building study baby pass.,2024-02-01
227,264,15,Q1 2024,3.8,Forget official senior animal ready strong drug.,2024-02-26
228,262,10,Q3 2024,4.8,Over see he since.,2024-03-06
229,102,1,Q1 2024,3.1,Different reason tough star doctor our only.,2024-02-27
230,173,27,Q4 2023,4.1,Check sure yourself design.,2024-05-28
231,149,4,Q3 2024,4.6,Child treat since throughout black speak attorney outside.,2024-11-24
232,178,28,Q1 2024,3.3,Follow thing at school.,2023-11-19
233,206,8,Q2 2024,4.2,Story test today toward blood.,2024-12-27
234,188,8,Q2 2024,4.0,Religious image also recent.,2024-01-09
235,21,11,Q4 2023,4.1,Do our group best debate significant.,2024-05-25
236,259,27,Q4 2023,2.9,Five behind hope simply owner.,2023-10-29
237,233,2,Q2 2024,4.4,Thus song our.,2024-12-17
238,173,1,Q4 2023,4.0,Product front when animal onto receive figure.,2024-04-13
239,219,14,Q1 2024,4.8,Mrs career everyone role none see painting compare.,2024-07-21
240,183,1,Annual 2023,4.8,Leave player throughout forget.,2024-09-29
241,76,14,Q1 2024,4.8,Industry meet at deal.,2024-05-03
242,263,20,Q4 2023,2.8,Like various laugh long carry long difficult family.,2024-12-14
243,108,5,Q4 2023,4.2,Relationship Congress car.,2024-02-08
244,255,9,Q1 2024,3.8,Position same war behind.,2024-02-10
245,33,6,Q3 2024,1.5,Modern social return specific article purpose early safe.,2024-10-20
246,134,7,Annual 2023,3.0,Fine top behind name possible financial.,2024-02-23
247,264,28,Q2 2024,2.6,Collection set need table choice.,2024-11-07
248,199,2,Q1 2024,1.5,Church evidence speak.,2023-11-04
249,283,22,Q2 2024,1.5,Account over keep go thus before.,2024-06-19
250,250,4,Q4 2023,3.7,International assume from writer account sort expect.,2024-06-28
251,283,4,Annual 2023,2.3,Manager court much religious today.,2024-09-11
252,298,21,Q2 2024,3.2,Although find player feel foot behavior plant.,2024-07-16
253,49,17,Annual 2023,3.5,Meet station history away.,2024-01-21
254,287,27,Q1 2024,4.8,Agree current himself pattern.,2024-06-30
255,245,29,Annual 2023,2.0,See order compare plant.,2024-04-29
256,171,1,Q1 2024,4.5,Drop him high on.,2023-11-07
257,239,24,Q3 2024,3.1,Outside simple now do Mr behavior.,2024-10-16
258,5,4,Annual 2023,1.6,Behavior assume state site court.,2024-06-23
259,221,23,Q4 2023,3.9,Structure soldier situation.,2024-03-12
260,65,5,Q4 2023,2.0,Camera president teach family her.,2024-08-01
261,45,11,Q2 2024,3.9,Mention could improve cut.,2024-08-10
262,116,6,Annual 2023,1.9,Purpose much discover draw decade.,2024-11-11
263,207,28,Q4 2023,2.7,Bill whatever money job partner rule.,2024-10-18
264,42,16,Q4 2023,2.2,Itself space speech compare eat no himself.,2024-01-14
265,43,28,Annual 2023,4.2,War never gas last daughter start against technology.,2024-05-23
266,149,19,Q2 2024,1.9,Wind system plant very.,2024-03-15
267,71,23,Q4 2023,3.9,Writer participant these TV such tend eat interview.,2024-05-06
268,94,26,Q3 2024,2.7,Them instead force follow benefit technology if and.,2024-02-04
269,252,14,Q3 2024,1.7,Buy near cut also option open ever.,2024-12-15
270,266,29,Q2 2024,2.6,Meet lay various worry science particular I.,2024-10-20
271,218,21,Q3 2024,1.9,Might its last much often lead.,2024-01-18
272,57,15,Q2 2024,3.1,Red leader table politics the term.,2024-10-27
273,169,9,Annual 2023,3.9,Once be end key bank ago.,2024-04-29
274,89,18,Q1 2024,4.5,Sometimes end week respond war.,2025-01-26
275,100,10,Q1 2024,2.3,From lose grow it.,2024-03-19
276,13,7,Q2 2024,2.5,A full myself measure want rather.,2023-10-07
277,243,10,Annual 2023,3.0,Man fall none rich Congress exist.,2024-08-20
278,259,15,Q3 2024,3.1,Wide happy thought work offer.,2024-08-26
279,152,14,Q3 2024,2.6,Affect with unit food training population.,2024-02-07
280,276,5,Q1 2024,3.3,Impact religious social director gas animal.,2024-12-29
281,251,7,Annual 2023,4.9,Top somebody itself likely reflect.,2024-09-02
282,91,4,Q2 2024,4.6,Cold former knowledge feel almost candidate argue television.,2025-01-06
283,167,17,Annual 2023,4.8,Much the yourself into common.,2024-05-29
284,144,27,Q1 2024,4.6,Themselves feeling yeah author in sense.,2024-03-28
285,30,7,Q1 2024,2.7,Positive of serve imagine nice appear history.,2024-01-15
286,159,25,Q4 2023,2.8,Mention determine result be show sure.,2024-07-06
287,213,11,Q4 2023,3.7,Keep official over base.,2025-01-13
288,220,23,Q2 2024,3.4,Possible ability family turn teacher challenge than remain.,2024-11-08
289,137,10,Q4 2023,4.6,Go heavy little through hold increase appear.,2023-11-10
290,117,10,Q1 2024,2.1,Section democratic fight example pick.,2024-10-16
291,123,21,Annual 2023,4.4,Idea sit help school each.,2025-01-15
292,128,9,Q1 2024,1.6,Mr purpose character develop.,2024-04-06
293,235,27,Q2 2024,3.6,Quickly become research sea answer third.,2024-10-06
294,229,14,Q4 2023,2.8,Though feeling term leave.,2024-10-26
295,81,23,Q1 2024,4.6,Community including career each hotel Mrs.,2024-11-22
296,256,21,Q1 2024,4.5,Meeting top never.,2024-12-30
297,120,7,Q4 2023,3.0,Major many situation whom teach party range practice.,2024-09-13
298,250,15,Q3 2024,2.6,Stuff require catch government couple.,2023-11-18
299,18,28,Annual 2023,2.4,Skin there thank while six live letter.,2024-07-26
300,241,29,Q1 2024,4.1,Little agent the against term instead great.,2024-10-25
