metric_id,campaign_id,metric_date,impressions,clicks,conversions,revenue_attributed,ctr
1,13,2025-01-07,151522,17173,63,11682.08,0.0269
2,23,2022-07-29,181413,15281,795,5778.6,0.1244
3,5,2023-11-26,375757,9764,419,22857.68,0.0293
4,1,2023-08-15,160345,3492,559,18354.09,0.0066
5,5,2022-06-08,109747,16489,995,9987.71,0.0984
6,23,2022-05-17,137441,14301,252,18043.41,0.1497
7,26,2024-01-23,281941,9091,549,34720.55,0.1106
8,50,2023-10-24,465918,9803,789,35383.78,0.0693
9,12,2022-01-04,224153,18600,845,11563.39,0.0974
10,19,2024-11-11,460913,12794,956,24218.85,0.0689
11,44,2023-01-14,57930,19565,488,19603.36,0.019
12,17,2023-02-15,73581,13803,310,36021.08,0.0135
13,11,2023-01-15,189775,11886,122,14639.14,0.0835
14,33,2023-11-04,12681,4081,555,9073.35,0.0882
15,1,2022-07-10,6191,3584,57,8531.94,0.0376
16,38,2022-03-22,7824,3357,616,29126.8,0.0678
17,15,2023-07-12,295106,18256,253,15262.82,0.1294
18,39,2022-03-16,223008,38,463,32821.24,0.1255
19,5,2024-12-27,492076,15140,180,40559.5,0.0896
20,4,2023-01-24,137219,10312,56,33808.09,0.0822
21,49,2024-10-28,387731,5561,681,2167.03,0.0383
22,26,2023-08-06,330227,6809,628,31560.29,0.1353
23,31,2023-08-18,95712,4887,332,24518.58,0.0894
24,47,2024-11-11,116980,323,316,42833.7,0.0205
25,18,2023-10-20,108419,16661,164,46417.02,0.0303
26,11,2022-07-05,114297,1204,70,42200.33,0.0335
27,50,2024-02-26,468425,16849,793,8128.25,0.0602
28,12,2023-05-21,181099,13774,102,3194.43,0.1312
29,13,2024-04-20,52469,9277,502,40682.74,0.0588
30,38,2024-07-05,293388,17806,153,12359.11,0.0515
31,14,2022-05-25,486315,17437,957,42511.48,0.1076
32,17,2023-08-23,459104,10099,723,39494.59,0.0904
33,20,2024-11-19,276524,6590,343,19596.72,0.1423
34,32,2022-07-22,427543,14120,566,32199.9,0.0097
35,31,2024-07-26,46133,1908,984,27253.1,0.0654
36,39,2024-03-14,193302,8540,40,19779.99,0.1391
37,4,2022-10-26,104454,12130,412,36195.23,0.1173
38,20,2022-03-11,248156,14870,112,42007.34,0.1286
39,6,2022-02-16,167594,10085,250,16546.02,0.1191
40,6,2023-01-27,232963,3297,519,11693.09,0.0399
41,38,2024-10-02,368123,19061,586,7466.35,0.0239
42,7,2022-05-01,377778,17927,894,2123.77,0.0675
43,24,2024-11-04,498255,10610,624,40091.57,0.0946
44,6,2022-12-23,270619,19312,691,33799.17,0.0185
45,30,2024-06-07,438791,19262,863,21449.54,0.0096
46,15,2024-12-24,457084,7737,267,24549.88,0.1249
47,28,2022-11-02,215691,9002,432,39297.37,0.1085
48,8,2023-11-11,342752,1718,68,26610.83,0.0042
49,1,2023-05-01,172445,1130,905,40893.1,0.1099
50,40,2022-01-27,344803,16355,547,38770.26,0.0112
51,7,2023-06-07,12361,15210,441,22594.98,0.0355
52,43,2024-08-09,11765,1127,518,6560.81,0.1483
53,31,2023-09-07,353485,13440,809,14133.83,0.0236
54,43,2023-12-13,23672,14680,266,22863.1,0.026
55,37,2025-01-26,440226,18822,755,12151.18,0.1111
56,48,2023-03-20,390950,10469,584,11476.11,0.0122
57,33,2023-06-06,297368,14527,62,22073.0,0.0889
58,9,2024-01-11,254425,10727,122,5167.92,0.0125
59,19,2022-02-21,458902,6313,292,8898.84,0.1223
60,21,2024-04-08,232805,6609,927,34727.38,0.1098
61,50,2022-04-07,66491,15250,393,19277.96,0.1386
62,12,2024-06-20,321957,3014,697,6639.84,0.0628
63,23,2023-07-22,20256,16827,937,45287.33,0.0556
64,39,2022-06-19,3632,7524,604,44031.72,0.0454
65,8,2022-04-29,31933,7952,195,15605.61,0.0517
66,50,2023-01-22,59015,15600,317,36064.32,0.0225
67,28,2024-01-12,306416,16426,98,4244.47,0.1106
68,50,2024-09-03,408008,18511,773,4494.66,0.0306
69,44,2024-06-27,350178,17122,669,29931.71,0.0378
70,29,2022-10-25,284637,1959,399,44430.21,0.0931
71,25,2025-01-21,71017,8564,534,3721.8,0.1219
72,41,2023-01-17,322459,16156,106,10883.27,0.0148
73,21,2024-11-20,427409,5532,335,2494.02,0.0444
74,14,2023-07-25,349806,6038,95,43085.32,0.0185
75,11,2022-07-14,364047,17911,882,48529.32,0.0283
76,34,2022-12-11,308876,3106,265,17487.33,0.1322
77,30,2022-03-31,339214,10498,943,47775.62,0.1371
78,14,2022-12-30,49955,5051,328,29467.56,0.0544
79,19,2023-01-29,74741,9058,299,35410.15,0.1112
80,12,2022-12-23,32249,15296,526,48592.06,0.0965
81,2,2023-11-08,380507,983,858,27414.03,0.084
82,43,2023-07-07,384245,1734,762,27029.89,0.1112
83,26,2024-08-02,85230,8007,954,38270.71,0.0329
84,38,2023-05-16,196142,3282,755,47076.77,0.0701
85,33,2024-02-05,33996,10408,829,49471.89,0.044
86,14,2024-01-11,223416,15651,910,39316.61,0.0435
87,23,2023-08-13,469281,208,910,30768.15,0.0634
88,29,2023-07-22,193557,10467,419,9769.33,0.0738
89,49,2022-03-20,64140,17059,496,48509.15,0.1081
90,6,2023-04-10,426409,294,5,19801.91,0.0452
91,38,2024-05-06,420191,3173,179,43939.84,0.1389
92,37,2022-12-03,198633,4886,700,45478.55,0.035
93,25,2022-08-14,285815,3655,374,21954.43,0.0705
94,27,2023-08-12,486360,4327,206,23367.98,0.1075
95,21,2022-03-17,238444,18470,723,1470.43,0.0954
96,20,2024-08-01,197126,11419,160,9853.61,0.1176
97,50,2023-05-14,438946,6839,708,34748.98,0.0952
98,2,2022-08-04,94445,7468,171,28454.7,0.124
99,7,2022-08-27,370761,5333,826,13322.55,0.0361
100,7,2023-12-28,360513,16610,931,45604.28,0.0235
101,6,2022-12-08,454049,2757,771,49452.47,0.0123
102,3,2025-01-11,467486,18,717,30209.3,0.0853
103,4,2024-03-05,214473,12220,615,39389.22,0.1266
104,22,2024-03-21,437502,3086,727,13516.59,0.0097
105,36,2022-07-20,158965,11487,132,44536.52,0.1333
106,36,2024-03-14,6891,13197,548,29633.39,0.1213
107,31,2023-09-21,138412,16136,740,817.87,0.0727
108,39,2023-11-12,91698,4559,303,30370.65,0.0932
109,43,2025-01-23,304844,14521,408,44516.33,0.0858
110,25,2022-03-02,25830,14716,404,28442.31,0.0133
111,27,2023-10-30,357050,18295,475,1324.38,0.134
112,23,2022-09-16,486522,11415,53,37857.48,0.0632
113,49,2023-11-20,156651,3620,649,48640.08,0.1414
114,46,2024-06-06,233554,17238,645,16611.91,0.0049
115,20,2023-10-05,204261,15257,796,44151.34,0.1337
116,42,2024-11-16,492518,2080,568,47038.55,0.1244
117,16,2022-10-06,336510,9855,775,35998.45,0.1471
118,21,2022-01-18,282237,11564,91,43485.76,0.0199
119,30,2023-06-17,475876,16794,945,32528.24,0.0159
120,10,2024-05-11,391668,17381,376,8676.0,0.1398
121,22,2024-05-25,350123,13562,7,16674.88,0.0868
122,37,2023-02-01,77693,2118,590,23097.27,0.0416
123,24,2024-03-18,109321,17405,151,18600.3,0.0903
124,11,2024-12-13,233700,12905,93,40356.97,0.0936
125,46,2024-04-26,416737,17611,95,11061.99,0.085
126,8,2022-02-14,69249,1301,557,24971.02,0.0474
127,12,2024-12-26,310050,19083,238,41887.3,0.0506
128,47,2022-02-06,23144,8173,65,30515.56,0.0803
129,30,2022-11-22,167118,17173,277,43285.31,0.0285
130,33,2024-02-12,187426,4142,825,2652.88,0.0753
131,34,2024-03-08,26318,5900,362,37534.98,0.1342
132,31,2024-11-07,49640,2953,851,34530.02,0.095
133,38,2022-04-19,359880,19933,448,7444.07,0.0668
134,12,2024-10-21,195420,12219,862,38734.94,0.1135
135,38,2024-09-01,140846,18227,953,12722.32,0.1286
136,34,2024-01-09,87441,5915,536,20849.02,0.1456
137,34,2022-09-14,231248,4836,418,39088.05,0.1246
138,25,2023-11-26,251677,14219,521,7960.29,0.1062
139,39,2024-06-12,247740,4821,535,8907.99,0.1295
140,7,2024-08-02,263858,13201,518,46105.01,0.0402
141,34,2025-01-08,257885,16759,698,29798.21,0.0497
142,37,2024-12-11,208305,14426,707,7724.18,0.0452
143,39,2024-01-03,152339,4063,640,18178.81,0.0113
144,28,2022-12-15,212967,18671,389,23138.47,0.0272
145,35,2022-10-08,189547,15923,438,39576.51,0.0529
146,22,2022-05-16,139047,14129,934,18048.8,0.0886
147,15,2022-05-14,141825,6563,58,29734.99,0.0896
148,23,2023-04-14,83993,3378,554,28823.55,0.1264
149,7,2024-01-14,360924,8157,47,16354.42,0.0772
150,25,2024-01-25,138868,17832,213,40636.8,0.1006
151,36,2022-04-02,223940,16375,111,30196.98,0.0744
152,12,2024-01-15,496422,2709,525,42913.9,0.0645
153,30,2023-11-04,350453,13488,387,33408.74,0.1324
154,7,2024-07-14,344874,11952,887,36634.57,0.0457
155,44,2022-04-04,322548,14981,716,17531.32,0.0571
156,16,2023-04-17,144424,15427,266,33276.09,0.0875
157,3,2022-04-10,156758,10031,883,3206.06,0.1269
158,41,2022-04-25,6087,14070,37,9682.39,0.1448
159,50,2024-11-29,162052,7824,774,18822.14,0.1262
160,34,2024-03-29,44272,10575,737,21421.15,0.0823
161,31,2023-01-31,154097,1025,921,31438.98,0.0836
162,39,2023-05-24,285565,8680,73,9990.75,0.1493
163,2,2024-06-25,274509,15431,29,11446.86,0.0991
164,4,2022-06-29,147612,2180,114,25317.51,0.1367
165,41,2022-04-26,227192,1428,796,19423.33,0.0259
166,46,2022-06-15,249408,14462,919,20979.17,0.1253
167,42,2024-03-28,263044,673,792,47229.72,0.1318
168,20,2022-12-12,1082,11286,33,32366.79,0.0804
169,1,2022-03-16,33850,17323,669,7602.03,0.141
170,45,2024-03-28,98036,2048,976,5894.74,0.0926
171,1,2024-02-25,437629,17577,571,24002.45,0.0017
172,47,2022-03-24,306374,1784,816,15393.97,0.0376
173,27,2024-04-27,118120,9207,357,20045.68,0.0515
174,41,2023-06-28,406957,1101,720,23935.86,0.1024
175,10,2023-12-21,445270,19599,144,6288.9,0.0258
176,15,2023-11-01,411629,4277,26,23620.28,0.0626
177,17,2023-05-24,181169,18617,221,7600.55,0.0636
178,8,2024-11-09,410663,6635,705,41301.79,0.007
179,22,2024-07-18,442168,15752,313,15543.51,0.0962
180,28,2022-11-08,62357,9393,716,16279.84,0.085
181,20,2024-11-25,431181,8831,491,32296.1,0.0645
182,49,2023-04-03,221864,3216,505,33824.9,0.057
183,11,2024-03-29,281407,2107,899,38380.56,0.1007
184,24,2023-11-04,346324,977,940,4301.28,0.045
185,30,2022-01-29,7309,9249,690,817.1,0.015
186,13,2023-04-11,241042,10957,599,47309.24,0.0164
187,11,2024-12-15,329072,13799,716,3884.9,0.0188
188,34,2024-11-22,111181,11122,337,22370.55,0.0145
189,2,2022-07-19,224945,2840,676,30484.75,0.112
190,47,2024-01-28,432258,18795,304,47295.36,0.0528
191,16,2023-10-28,395208,4506,892,18057.7,0.068
192,40,2023-09-08,82433,953,852,35399.86,0.0543
193,38,2023-10-26,342505,9195,982,13739.62,0.0828
194,1,2023-10-12,294503,19880,159,32728.75,0.0782
195,8,2023-11-16,418914,10056,877,40527.56,0.1162
196,42,2024-05-22,100125,389,516,11765.72,0.1048
197,31,2024-09-06,72681,11115,116,49985.77,0.1367
198,15,2023-02-01,294955,19341,343,12192.87,0.1227
199,6,2022-03-11,94510,12743,230,29868.41,0.1109
200,19,2023-03-25,194019,9663,264,29662.19,0.0974
201,1,2024-07-05,178806,10464,297,18069.99,0.0805
202,11,2022-11-16,127415,8906,30,28267.18,0.0674
203,50,2024-10-25,364880,18566,328,45156.99,0.0733
204,20,2023-03-12,276868,4735,438,24855.66,0.0233
205,11,2024-06-21,185938,19033,531,46493.17,0.0571
206,3,2024-08-11,302535,18175,780,3426.08,0.1258
207,8,2023-04-19,58131,10063,447,29119.89,0.0245
208,40,2023-03-25,107615,16413,385,37132.87,0.0333
209,23,2024-10-29,255506,5573,229,19231.02,0.038
210,25,2022-11-04,276315,10859,767,35367.46,0.0438
211,42,2025-01-20,39765,3475,840,31987.74,0.1266
212,32,2024-01-10,277876,15054,228,44764.58,0.1327
213,35,2024-12-13,16591,12036,49,34633.32,0.0459
214,7,2022-09-10,175766,5843,300,23128.4,0.0121
215,34,2024-06-19,393026,2790,829,46157.74,0.0984
216,2,2023-02-11,1603,1723,251,17047.56,0.0209
217,43,2024-08-30,171174,3220,474,31761.48,0.08
218,15,2022-09-21,147434,10032,816,42026.98,0.0744
219,50,2024-10-30,470654,7856,434,45673.07,0.1479
220,46,2022-03-27,470859,4843,622,25261.1,0.1083
221,45,2024-01-26,339368,11767,750,27218.32,0.1211
222,5,2023-08-29,395384,13240,644,5029.66,0.1312
223,48,2022-12-10,441112,15397,31,4174.14,0.0859
224,14,2024-11-18,293365,16220,799,49949.51,0.0179
225,44,2022-09-26,360306,17748,251,20138.81,0.0656
226,25,2024-05-14,445977,17667,517,37568.16,0.0417
227,17,2025-01-22,259441,19207,294,30489.91,0.014
228,13,2023-02-09,488150,4395,133,1455.31,0.1277
229,18,2022-03-05,244068,5263,896,22823.4,0.0333
230,33,2024-01-15,202634,18709,216,42816.64,0.1173
231,33,2024-09-28,390778,8713,978,35128.63,0.1339
232,50,2023-08-17,72749,1721,988,40616.72,0.0035
233,19,2022-04-24,428549,19125,851,258.65,0.0071
234,41,2023-03-08,373647,9353,356,2842.29,0.1285
235,29,2023-04-23,196579,415,622,8982.74,0.1322
236,25,2022-12-20,180817,5317,436,3396.19,0.0564
237,24,2023-06-08,46541,17152,949,27204.31,0.0213
238,46,2022-12-31,490155,16632,462,1599.97,0.0223
239,14,2024-05-29,394386,2891,221,30136.82,0.0856
240,11,2023-03-03,82250,7098,600,34053.0,0.1074
241,46,2023-07-28,356274,9499,336,4743.15,0.129
242,11,2022-10-27,245910,13788,666,34343.58,0.0014
243,29,2024-12-30,220656,14077,7,47267.14,0.1394
244,26,2023-08-19,152322,4170,780,174.49,0.0686
245,32,2024-09-28,54964,7587,960,32286.44,0.1015
246,40,2022-11-16,378540,7700,930,12338.36,0.0271
247,40,2024-10-21,166828,3841,90,25403.69,0.065
248,44,2022-01-06,183016,8820,130,9976.03,0.0122
249,7,2022-12-04,198720,4604,361,38901.68,0.0413
250,33,2023-07-30,208308,13172,722,24711.1,0.0586
251,21,2023-12-02,13638,11898,462,15667.06,0.0104
252,18,2023-04-21,134439,4201,344,13840.85,0.022
253,21,2022-01-19,497205,17564,373,37100.22,0.1498
254,6,2024-01-09,161604,18724,940,13264.61,0.104
255,24,2022-01-18,361005,9714,433,45858.28,0.1286
256,14,2023-06-09,443191,5611,349,15014.87,0.0238
257,10,2024-10-23,295436,770,669,11410.12,0.0238
258,1,2022-12-15,299643,15736,662,37021.16,0.1122
259,19,2022-02-19,427888,10583,467,29703.51,0.1041
260,41,2024-07-09,351895,6486,950,10354.42,0.0523
261,3,2022-07-24,273466,18053,619,22711.57,0.1298
262,6,2022-04-17,359788,19641,457,41811.21,0.146
263,3,2022-12-01,432667,16990,916,47256.19,0.0643
264,47,2023-12-06,128782,11960,719,32946.76,0.0124
265,38,2025-01-30,186715,15238,633,44799.75,0.099
266,11,2022-06-14,140263,17065,409,27845.61,0.0255
267,16,2024-01-02,181804,3965,685,17240.01,0.0053
268,43,2023-05-17,469601,8279,413,21150.51,0.0362
269,33,2025-01-12,494356,223,266,27148.12,0.0016
270,6,2022-12-20,384155,15884,789,48119.36,0.1274
271,45,2023-07-23,226743,471,42,4004.44,0.0192
272,24,2024-06-10,484763,13623,241,47022.15,0.019
273,48,2022-05-14,14816,16711,273,27233.14,0.0518
274,45,2023-01-29,452561,19760,702,39320.75,0.1315
275,34,2022-07-27,462802,4872,256,964.77,0.1197
276,32,2024-04-11,203448,19100,407,13817.56,0.0404
277,6,2023-11-11,323402,3491,27,5701.3,0.0487
278,37,2024-06-26,345016,3365,466,33177.1,0.1111
279,18,2023-01-20,354145,3236,951,38373.07,0.0114
280,33,2024-06-30,461184,10632,7,45378.01,0.0295
281,41,2022-01-06,385856,13468,731,44164.9,0.0166
282,31,2023-04-08,179696,11321,680,45625.78,0.0929
283,8,2024-09-06,251222,14483,160,43155.05,0.0649
284,19,2022-05-01,469066,2596,826,19442.22,0.0275
285,37,2023-12-02,103695,8379,368,13471.23,0.0922
286,31,2022-10-13,281022,1026,513,41879.49,0.1137
287,13,2024-10-10,82184,10521,589,17392.86,0.1226
288,7,2024-03-13,379174,17540,612,47208.17,0.0848
289,32,2023-10-09,10132,3479,313,27683.63,0.0196
290,44,2022-04-05,479927,5551,509,1378.03,0.1026
291,26,2023-07-21,376110,13291,360,49382.89,0.072
292,5,2022-03-30,189773,4598,833,24932.03,0.0292
293,32,2023-12-08,163793,6443,924,16226.63,0.0714
294,36,2022-04-25,63397,10469,176,21553.04,0.0989
295,32,2023-08-31,280679,12621,579,35725.29,0.0332
296,33,2024-12-05,99452,18702,496,35954.34,0.1136
297,29,2022-08-18,494460,13237,921,19984.8,0.0491
298,42,2022-06-15,149546,9884,265,17632.16,0.1286
299,15,2023-01-02,373566,6430,126,7455.01,0.0955
300,42,2022-08-19,400906,8376,842,7958.96,0.0404
301,44,2023-11-04,265971,18500,105,17993.54,0.0906
302,21,2023-09-06,174405,17772,154,40208.91,0.1416
303,30,2023-01-13,13287,8468,117,21804.82,0.1211
304,13,2023-07-01,88987,8730,122,26191.55,0.0487
305,2,2023-08-17,276288,19242,887,2946.89,0.0587
306,26,2024-10-05,7849,17226,724,24716.84,0.0604
307,9,2023-07-03,17188,16666,130,27977.87,0.1416
308,14,2022-04-18,17212,18949,187,23438.87,0.0355
309,21,2022-11-10,293655,19705,860,8910.63,0.0482
310,2,2022-10-19,374914,13124,693,24812.59,0.011
311,11,2023-12-24,257627,2479,819,17996.94,0.0742
312,47,2022-09-09,252773,10783,246,39677.92,0.0348
313,29,2025-01-08,404890,12544,671,29725.89,0.0339
314,8,2024-12-14,459398,9219,245,30688.97,0.0619
315,11,2022-11-24,422392,19177,527,32746.54,0.1453
316,27,2022-06-01,308403,11018,451,5397.72,0.0826
317,14,2022-01-22,27852,6371,28,31451.1,0.0575
318,17,2022-06-16,169617,18138,608,20212.8,0.0874
319,44,2024-09-20,444467,10045,533,7435.74,0.123
320,30,2023-10-12,475574,17579,754,10440.62,0.1029
321,13,2022-07-19,287346,8004,687,30925.05,0.1121
322,9,2022-06-27,172252,16134,245,40664.97,0.1387
323,1,2024-12-30,110601,13459,939,4987.27,0.1083
324,45,2023-01-14,75469,16504,480,29480.65,0.0714
325,6,2022-05-12,451410,518,607,25257.86,0.0202
326,19,2024-12-02,436210,3673,416,4768.54,0.0292
327,28,2022-12-20,293049,18009,702,40750.97,0.1243
328,31,2022-05-08,55070,12218,556,37456.14,0.0911
329,49,2024-04-14,248687,3550,582,20784.49,0.0248
330,28,2023-05-07,447816,314,169,33536.89,0.0616
331,27,2024-12-12,25316,6698,141,32125.26,0.067
332,14,2024-04-12,228812,12603,182,28784.52,0.087
333,14,2024-07-24,492471,9243,68,41857.84,0.0822
334,14,2022-05-27,345318,14491,353,33394.36,0.0573
335,14,2023-11-26,25225,17484,179,6516.96,0.1299
336,46,2023-07-16,259942,7237,22,4756.9,0.0205
337,37,2022-02-26,445788,14638,286,48032.22,0.1465
338,12,2023-07-24,52891,17942,218,32038.28,0.0332
339,27,2024-08-15,78121,1028,485,33965.45,0.1027
340,42,2022-02-07,58343,8877,726,24188.78,0.1102
341,48,2022-10-14,246211,5679,957,43943.06,0.0084
342,37,2024-01-25,282902,346,629,1288.81,0.0167
343,5,2024-08-07,441887,9298,678,27000.73,0.1197
344,33,2024-04-19,70477,4179,19,49747.17,0.0809
345,27,2024-09-11,129253,13448,281,11932.81,0.0806
346,18,2022-05-11,404109,12211,167,12442.34,0.0887
347,50,2023-01-10,339181,2032,894,6755.86,0.1276
348,41,2022-03-27,37751,12925,732,38202.04,0.0559
349,7,2024-01-14,37673,15184,269,24600.85,0.1451
350,49,2022-11-23,128310,9233,214,49293.14,0.0651
351,41,2024-05-07,149093,14368,636,26287.84,0.1186
352,19,2024-06-02,477555,11007,817,32602.8,0.0334
353,23,2022-02-09,140605,12555,517,38876.87,0.008
354,7,2023-10-19,363496,4412,458,39765.48,0.0615
355,3,2024-03-15,18609,8084,37,22727.14,0.1253
356,45,2024-10-23,180851,13395,622,33272.99,0.1495
357,49,2024-04-28,473047,7642,908,49166.21,0.1227
358,12,2022-09-09,319803,8519,739,31722.53,0.1041
359,25,2023-04-28,341002,8369,223,43458.85,0.0901
360,50,2024-10-16,37375,5707,250,20696.72,0.1491
361,28,2022-08-29,319223,7337,956,40724.26,0.1076
362,43,2024-08-14,339368,2031,405,5964.32,0.0762
363,31,2024-12-31,382512,1568,959,48271.04,0.013
364,30,2022-05-16,216728,12612,670,29272.05,0.0859
365,13,2023-07-01,341715,2886,56,16490.66,0.1376
366,25,2024-09-25,401841,5405,270,6403.0,0.0681
367,18,2022-09-27,19237,14520,898,40870.67,0.1129
368,19,2023-01-01,333212,15158,121,38093.7,0.1398
369,5,2023-01-29,231237,11242,901,49847.85,0.1219
370,36,2024-05-07,433512,14470,764,38122.81,0.0403
371,15,2024-04-25,145949,17453,588,44425.62,0.1267
372,6,2024-08-02,166043,19602,964,557.85,0.0756
373,41,2024-09-04,362585,437,60,43262.19,0.0559
374,34,2022-12-17,293513,3645,886,45014.52,0.0077
375,49,2023-10-30,479100,8197,241,13104.49,0.0113
376,50,2022-08-23,1601,5636,178,1667.36,0.0343
377,9,2022-05-27,216601,824,647,44075.62,0.1396
378,10,2024-12-16,459648,6202,469,87.4,0.14
379,47,2024-09-24,486841,5714,953,20930.36,0.0369
380,37,2023-02-05,480584,7279,680,45114.73,0.1354
381,1,2022-11-10,425761,6686,174,27140.14,0.0491
382,8,2022-10-17,141318,284,41,19459.56,0.0216
383,18,2022-07-12,254345,9949,760,26399.33,0.0075
384,26,2023-07-05,420483,19409,700,25601.84,0.111
385,17,2024-07-17,363179,14242,623,1259.83,0.1297
386,11,2022-02-01,454210,5740,474,20053.38,0.1064
387,38,2022-02-14,434794,8801,919,15765.35,0.1012
388,36,2023-01-17,9601,5577,792,48206.23,0.0655
389,40,2022-09-29,240700,18067,169,41012.72,0.0931
390,11,2023-11-10,113123,18907,538,9462.6,0.1352
391,19,2023-10-10,119305,14554,272,2617.38,0.1123
392,25,2025-01-15,140800,1192,935,46449.76,0.1365
393,23,2024-05-02,154354,6507,146,32412.48,0.0623
394,22,2023-04-10,62693,4784,269,25923.32,0.1144
395,35,2022-12-29,236531,19955,50,19519.26,0.141
396,50,2023-09-16,177754,14796,243,13176.89,0.0842
397,22,2023-07-13,62913,7129,859,44119.15,0.0358
398,25,2022-05-28,219544,6017,855,18390.66,0.0343
399,43,2022-05-19,314164,15121,222,34252.36,0.0297
400,46,2023-06-21,323498,9812,341,7240.85,0.0032
401,23,2022-10-30,147925,4780,671,49590.33,0.0538
402,27,2024-10-04,106774,16995,663,38600.5,0.0921
403,1,2024-07-13,403649,12417,741,5683.84,0.0189
404,45,2025-01-27,404837,15584,718,19188.26,0.0994
405,43,2023-11-24,153236,1381,24,40580.5,0.1352
406,9,2022-01-18,371447,5208,898,35446.17,0.0657
407,30,2024-05-07,307691,11799,105,7857.34,0.111
408,1,2023-10-05,257399,950,728,7990.01,0.0294
409,2,2023-04-22,273334,6020,928,2931.97,0.0023
410,3,2023-03-23,309071,398,861,4463.39,0.0101
411,4,2022-04-14,298456,5693,838,27954.6,0.0261
412,50,2022-01-08,104442,17831,863,46084.22,0.0727
413,7,2023-11-16,61054,9522,107,23274.11,0.0875
414,11,2024-05-21,193411,9363,999,2761.8,0.0127
415,26,2022-12-27,386934,9229,886,6975.16,0.0539
416,44,2024-01-21,194094,7286,522,24115.96,0.086
417,38,2022-07-02,167368,9925,162,48648.26,0.0271
418,46,2022-04-16,189511,18001,677,9963.96,0.0216
419,34,2023-04-10,247158,2062,713,18741.83,0.08
420,31,2023-11-06,164596,8348,809,30501.81,0.0329
421,17,2022-11-05,153707,12850,414,2904.07,0.0733
422,39,2023-06-09,268738,8756,157,9187.04,0.0045
423,40,2022-02-17,8627,3500,763,14595.37,0.1175
424,7,2022-03-23,36436,14227,656,3029.19,0.0668
425,2,2024-06-01,241731,1483,260,35956.08,0.0026
426,18,2022-08-12,498449,7067,947,17417.95,0.076
427,1,2024-01-30,140810,5743,209,11029.04,0.0531
428,19,2022-06-03,187663,3973,980,27498.1,0.1217
429,8,2023-04-26,492417,8212,976,8844.55,0.0818
430,33,2022-08-19,190948,2757,673,13967.54,0.1103
431,16,2022-01-20,171820,7337,475,29001.23,0.0983
432,41,2022-08-05,377551,11337,674,44772.84,0.1238
433,10,2024-09-16,203846,18036,309,32419.18,0.0158
434,49,2022-07-29,223189,4185,741,27763.74,0.0588
435,46,2023-02-12,449365,12917,145,13019.06,0.0953
436,43,2022-08-31,302592,2783,474,49975.74,0.1009
437,13,2023-10-17,297168,7514,155,29638.5,0.1317
438,18,2022-02-27,176656,10490,274,38952.96,0.0585
439,44,2022-10-14,46493,18156,186,22178.84,0.0025
440,49,2024-03-11,407718,4565,439,27684.07,0.0638
441,3,2023-09-05,156784,15474,428,48287.94,0.0963
442,32,2024-11-07,440396,19141,993,26352.82,0.0584
443,11,2024-12-02,217834,16339,962,14573.74,0.0355
444,46,2024-12-02,421580,11245,839,39163.79,0.0241
445,49,2024-11-14,31650,10064,584,32797.96,0.104
446,23,2022-12-08,186880,10553,902,27846.2,0.1311
447,46,2022-08-20,412335,10736,226,30205.11,0.0509
448,14,2022-05-13,382887,6385,75,10604.84,0.1272
449,5,2023-09-12,380182,16601,341,33094.06,0.1466
450,5,2024-07-10,141226,7702,788,40534.44,0.0105
451,12,2024-04-20,68582,2584,925,29383.56,0.0677
452,45,2023-05-20,55789,9792,372,22593.23,0.0647
453,24,2023-09-10,98670,10613,942,25710.23,0.0642
454,26,2022-01-07,430654,3854,583,34309.92,0.1477
455,47,2023-06-24,211269,3379,123,21186.32,0.0812
456,2,2024-09-19,157152,11046,928,7977.45,0.0463
457,35,2024-04-07,62727,10820,42,46342.37,0.0548
458,8,2022-07-09,26688,17633,941,889.62,0.1261
459,1,2024-04-01,360993,3809,355,14779.28,0.0149
460,21,2024-08-06,282638,15255,985,48835.63,0.0379
461,30,2022-08-03,108870,3645,90,45464.29,0.0883
462,41,2022-10-01,477365,14951,78,2232.59,0.0305
463,25,2024-06-01,482008,307,444,10489.6,0.0838
464,48,2024-08-25,325754,17175,570,3259.95,0.0533
465,18,2023-11-21,225753,2022,403,28604.92,0.13
466,21,2022-08-09,174206,5830,771,44184.94,0.0279
467,45,2023-10-05,350034,1938,622,1531.82,0.0571
468,41,2022-08-02,177523,6470,912,31294.19,0.1326
469,26,2023-06-09,147178,7265,782,3301.93,0.0255
470,1,2022-02-23,440872,8139,6,1481.13,0.1015
471,50,2022-12-16,455515,1425,539,37685.41,0.0312
472,1,2024-02-15,269888,17532,977,37428.22,0.1032
473,36,2023-04-17,35966,2874,296,29617.79,0.0305
474,33,2024-04-23,260772,13372,554,12773.58,0.1242
475,18,2022-05-15,345972,4937,115,43610.53,0.119
476,31,2022-04-15,201321,4853,891,7207.76,0.0175
477,35,2023-09-23,67257,13532,751,191.9,0.0235
478,1,2023-03-10,348312,18709,22,7974.8,0.131
479,22,2023-09-26,72530,11536,623,15568.78,0.0237
480,16,2022-07-28,58761,4675,117,1656.86,0.089
481,1,2022-06-25,98786,8562,690,14032.81,0.0236
482,13,2024-03-23,4790,4667,326,20758.77,0.0361
483,12,2022-12-12,313814,4037,462,5171.13,0.0382
484,12,2022-04-18,462102,19606,736,47965.66,0.1243
485,20,2022-01-04,326525,6405,286,11465.41,0.0572
486,33,2025-01-11,219557,18781,108,13980.27,0.0093
487,2,2024-03-14,417332,13426,381,42983.05,0.0601
488,37,2023-02-12,11358,897,741,31693.04,0.0068
489,33,2024-09-12,168723,10866,425,40269.18,0.1496
490,25,2022-06-14,123823,8723,186,27821.47,0.0354
491,18,2023-07-08,124387,697,711,12556.31,0.0144
492,12,2024-09-20,70817,385,355,4040.47,0.1232
493,39,2024-01-01,150482,3217,297,28463.6,0.0175
494,28,2022-08-29,338568,2924,81,7485.88,0.0391
495,21,2024-04-22,337478,2957,986,29866.09,0.1241
496,16,2022-10-03,334090,13204,762,26643.91,0.0222
497,6,2023-01-30,246299,15636,146,23697.84,0.1489
498,39,2022-01-09,187244,11855,366,30032.7,0.1305
499,19,2024-11-25,109163,3534,15,10824.42,0.0406
500,27,2023-07-01,113896,1892,936,22533.4,0.1405
501,33,2022-12-23,25768,19856,869,47533.2,0.1164
502,42,2024-04-10,264376,2448,148,23433.57,0.0757
503,46,2022-01-01,469111,2231,657,8974.53,0.0614
504,40,2023-12-25,47321,19930,52,42249.49,0.0635
505,39,2023-09-16,159511,4679,26,18513.33,0.1346
506,13,2022-03-18,222238,11063,902,24316.74,0.1275
507,10,2024-10-18,186745,6807,223,49087.13,0.1317
508,33,2022-02-10,341996,18366,790,961.94,0.0303
509,28,2022-04-26,430483,10119,837,28165.5,0.0748
510,46,2022-09-23,63961,9068,180,16824.9,0.1111
511,48,2025-01-03,96196,14875,101,27989.94,0.0885
512,2,2023-08-26,168501,15024,804,19702.47,0.0277
513,37,2024-05-22,82970,11684,880,28082.86,0.1304
514,49,2024-08-31,491235,618,492,34274.76,0.0182
515,28,2024-01-15,328369,1856,360,11293.83,0.0401
516,15,2022-06-27,337929,15348,307,42269.43,0.0596
517,42,2024-01-09,326540,1655,491,49999.85,0.1318
518,40,2024-06-29,489918,9417,63,23373.03,0.0374
519,37,2024-09-25,115004,10710,117,38861.68,0.1172
520,1,2023-02-14,349430,6904,91,26039.17,0.1042
521,16,2024-12-08,360300,10591,589,3295.74,0.039
522,25,2023-05-14,454622,12874,385,48058.0,0.1074
523,15,2022-05-18,356306,17940,588,2497.29,0.0878
524,33,2022-01-02,466716,15636,239,31399.45,0.1154
525,34,2023-12-29,65994,8922,658,45615.96,0.0924
526,45,2023-02-24,146573,17232,401,1607.39,0.1028
527,6,2024-07-20,397002,15961,320,14513.98,0.1163
528,2,2024-09-19,335109,11911,954,35540.12,0.076
529,28,2025-01-28,14912,9669,796,24501.43,0.1401
530,37,2022-04-20,410440,1898,88,40525.7,0.0949
531,36,2024-12-27,191256,18896,455,33599.18,0.0697
532,5,2022-07-05,132048,6144,65,5880.29,0.0737
533,48,2023-10-29,305569,9630,398,18820.05,0.0591
534,17,2024-08-29,304580,14954,685,28286.54,0.1319
535,38,2022-10-11,206186,19537,273,26235.71,0.0347
536,16,2024-02-05,68518,19330,683,17759.89,0.1289
537,18,2022-04-29,332346,971,357,37309.71,0.0502
538,2,2023-09-26,71306,3577,292,36022.27,0.1088
539,6,2024-05-07,393071,13436,357,5720.7,0.1335
540,38,2023-06-06,13818,6505,407,33084.51,0.1238
541,47,2023-06-19,24598,4580,592,27049.85,0.0144
542,33,2024-09-25,477909,18309,653,10888.94,0.0288
543,11,2022-09-08,10527,769,230,33535.91,0.0814
544,33,2023-06-30,250408,4254,579,5992.4,0.0504
545,7,2023-10-20,349489,5687,107,29423.39,0.1142
546,27,2022-10-18,113109,921,548,4022.39,0.0954
547,10,2024-03-26,10164,15779,440,4436.56,0.0422
548,4,2023-09-25,136358,2498,340,19704.54,0.1034
549,47,2022-05-03,419395,15463,158,24197.29,0.1331
550,37,2023-08-25,300658,9123,879,39668.11,0.0093
551,49,2022-09-04,374961,16920,632,40963.54,0.0871
552,12,2024-02-28,223358,5961,913,45748.85,0.1496
553,37,2023-04-13,397075,12502,460,12594.66,0.0765
554,27,2024-01-24,215830,1279,31,39719.01,0.1303
555,12,2023-12-02,397104,16091,25,11160.62,0.089
556,13,2023-12-11,392690,12297,217,13502.18,0.0718
557,4,2024-09-10,315090,17110,503,19667.19,0.0897
558,16,2024-05-07,382008,18106,785,30516.0,0.1391
559,23,2023-01-19,24206,19211,867,26474.6,0.0571
560,16,2023-08-06,258947,14586,478,12874.67,0.0527
561,20,2024-05-29,459681,6434,640,40587.09,0.0461
562,20,2022-09-09,322055,1194,89,8847.67,0.0052
563,12,2022-05-16,160203,6595,848,28764.08,0.1439
564,10,2022-04-21,470509,14550,264,25050.03,0.0112
565,24,2024-07-26,87993,1866,355,19243.76,0.0214
566,30,2022-06-11,318005,4539,766,20971.3,0.0828
567,30,2024-02-01,19645,1771,584,49503.2,0.0692
568,33,2023-04-29,469137,6767,911,26034.48,0.1429
569,34,2022-01-19,225809,18455,817,22988.77,0.0361
570,13,2024-12-20,68436,16622,494,25422.98,0.0929
571,47,2022-06-13,360223,14504,154,9860.33,0.148
572,22,2023-01-08,293835,17639,108,17786.93,0.1285
573,13,2024-06-05,313485,19855,173,25292.59,0.0156
574,46,2022-02-20,13324,5891,215,42237.49,0.0872
575,31,2024-07-15,438562,534,275,11052.99,0.0319
576,23,2024-01-30,34131,13365,210,26498.68,0.1434
577,33,2023-05-12,94524,16524,624,48814.95,0.0669
578,47,2022-08-24,22253,12145,474,16082.61,0.1039
579,35,2022-06-09,61647,2486,774,26730.78,0.0927
580,6,2024-04-18,229848,309,741,38787.78,0.0859
581,42,2022-08-10,376276,3864,159,25426.49,0.0456
582,31,2022-07-21,140548,7797,565,33857.59,0.1459
583,7,2022-07-04,178745,9298,29,45387.08,0.1374
584,50,2023-02-18,104208,11157,627,47498.15,0.1261
585,4,2022-05-05,462155,15062,40,16416.69,0.0313
586,40,2024-05-27,460070,4412,747,24582.42,0.148
587,36,2024-05-08,307720,16953,420,26790.52,0.0307
588,8,2024-06-29,260257,13845,180,20283.19,0.0921
589,17,2022-10-26,467873,15732,694,15366.37,0.0376
590,39,2024-01-31,396656,13164,632,41365.74,0.0829
591,26,2022-04-30,372603,13205,618,7221.31,0.1234
592,2,2023-09-21,63179,14745,631,31450.69,0.0838
593,44,2023-03-24,22896,7782,229,17076.45,0.0051
594,14,2024-06-28,202434,12901,40,1688.22,0.1242
595,21,2023-11-03,32662,6845,568,43625.09,0.0427
596,29,2022-06-14,4425,13763,528,32500.57,0.1422
597,32,2023-02-01,408631,2447,963,23406.18,0.0653
598,10,2023-05-26,365780,2592,59,46492.29,0.0189
599,2,2023-08-16,486148,11588,855,47033.4,0.0702
600,43,2022-08-01,131775,1011,111,8281.59,0.1265
601,15,2022-02-16,440286,17833,79,18784.66,0.1453
602,33,2022-08-23,44410,698,781,16953.57,0.021
603,30,2022-12-09,499671,10838,662,21918.26,0.1324
604,50,2022-12-20,228285,2743,876,30227.4,0.0802
605,20,2023-05-12,475015,12692,115,35017.09,0.145
606,13,2023-12-19,295283,11745,818,27233.29,0.0228
607,13,2023-09-03,276494,5018,146,26238.62,0.1238
608,33,2023-11-11,235830,12484,977,46840.48,0.0996
609,14,2024-02-28,90567,7779,589,4121.16,0.1077
610,16,2023-11-26,420111,74,146,15523.2,0.1295
611,47,2023-12-05,495250,10414,800,37793.9,0.0512
612,26,2024-11-18,496781,14629,961,34573.63,0.0945
613,34,2025-01-02,22115,12850,712,41411.4,0.0531
614,31,2022-10-19,418500,18991,515,41070.8,0.0901
615,10,2022-03-30,417581,11328,312,4674.26,0.0707
616,48,2022-12-19,287604,5840,629,4825.3,0.0663
617,26,2023-08-04,122598,3633,642,20117.08,0.0508
618,42,2025-01-28,487092,1932,61,39181.08,0.0788
619,5,2022-06-06,423011,14012,34,43651.21,0.0948
620,48,2022-05-10,89524,4754,889,5315.53,0.0214
621,35,2023-09-23,413156,16102,785,7638.91,0.079
622,20,2024-11-20,453625,9354,518,28546.8,0.1045
623,15,2024-04-17,300041,16589,15,35140.34,0.0259
624,3,2022-08-04,114679,12251,676,46026.71,0.0706
625,43,2022-07-07,113862,15408,713,13365.52,0.1213
626,7,2023-09-16,413926,2584,324,37512.68,0.0044
627,39,2024-02-07,70407,4023,62,37816.16,0.0611
628,1,2023-12-04,326670,17584,607,28302.0,0.0612
629,8,2022-02-19,353901,9781,849,14524.93,0.1381
630,48,2024-04-24,351733,3585,719,40662.89,0.0863
631,18,2023-02-13,155692,439,355,3115.45,0.0354
632,50,2024-04-30,489536,16407,103,41565.44,0.0466
633,44,2024-01-30,239269,10321,828,12867.31,0.1046
634,11,2023-03-27,166633,12139,771,25631.06,0.0706
635,38,2023-10-09,192381,110,358,40981.61,0.1481
636,18,2022-05-21,52999,114,531,24333.38,0.13
637,21,2023-09-18,6461,18493,173,8627.77,0.1399
638,44,2023-02-04,152723,13419,408,8395.21,0.0681
639,24,2023-08-27,291296,7343,361,13725.73,0.0562
640,39,2023-10-11,239184,6135,441,10353.56,0.0784
641,24,2023-11-19,347340,269,49,7728.28,0.1029
642,2,2024-08-03,494694,5205,609,45892.27,0.1029
643,50,2025-01-08,460555,5184,554,19828.17,0.0128
644,33,2022-10-08,462357,16786,335,31192.4,0.0411
645,27,2022-09-19,28901,18664,654,15303.46,0.1295
646,19,2022-08-24,6519,4977,846,11681.89,0.1401
647,2,2022-08-05,411675,6432,52,37103.88,0.1197
648,16,2022-10-12,204922,7938,252,29885.97,0.0833
649,33,2023-09-04,311378,13379,436,20833.43,0.0613
650,13,2023-07-19,386429,16791,127,43463.23,0.103
651,37,2022-06-26,96878,5525,917,45976.71,0.0904
652,17,2023-01-30,367418,13141,33,45552.35,0.0635
653,4,2023-07-03,398868,7795,422,39451.13,0.1055
654,45,2023-06-06,135882,12486,770,30824.36,0.0461
655,42,2022-05-16,376182,2502,14,20512.78,0.0031
656,40,2022-04-02,499750,11805,213,31661.54,0.0066
657,11,2024-04-19,407017,2947,886,16923.16,0.0952
658,36,2024-08-02,54767,1092,263,987.95,0.1248
659,18,2024-05-26,138171,13140,234,26563.49,0.0843
660,10,2022-10-16,272240,10123,39,49839.9,0.1426
661,47,2023-06-10,387942,15911,585,2285.27,0.0974
662,43,2023-11-25,333428,16188,978,32101.65,0.0496
663,4,2023-11-12,498792,8831,112,21559.97,0.0166
664,39,2022-11-24,475818,14543,946,17860.2,0.1148
665,27,2022-11-21,54795,10982,194,30523.26,0.0047
666,1,2023-10-30,483003,780,724,20829.32,0.1068
667,46,2023-08-08,403376,16513,948,46324.02,0.1413
668,8,2024-07-01,322929,17615,726,28393.95,0.031
669,41,2023-04-25,489891,1079,900,12036.77,0.0893
670,31,2024-01-03,408732,16752,107,38794.38,0.1057
671,45,2022-07-24,441268,4465,91,22969.39,0.092
672,46,2023-08-06,149545,19301,330,43862.54,0.0114
673,5,2023-02-28,134546,3747,62,9224.81,0.0898
674,28,2022-08-29,472280,12734,580,4922.9,0.1068
675,49,2023-11-13,112576,13633,78,2853.19,0.0754
676,30,2024-03-22,457892,19303,386,24050.06,0.0019
677,21,2024-12-19,327102,4036,867,6465.08,0.1211
678,31,2024-09-12,128214,5190,407,26947.64,0.0497
679,42,2024-10-09,281161,2331,61,39291.78,0.1106
680,33,2023-08-18,33871,13423,834,33073.11,0.0832
681,28,2023-04-24,39619,16408,983,49204.56,0.0564
682,43,2023-10-12,218637,15023,387,35203.17,0.0814
683,40,2022-01-06,169450,9865,944,44396.75,0.1366
684,28,2024-02-19,313562,3080,88,45566.8,0.0319
685,2,2023-10-11,76801,9970,142,21223.59,0.1266
686,39,2024-04-22,347924,19207,807,21551.79,0.1419
687,29,2024-04-22,271696,14009,630,39307.05,0.1226
688,4,2024-08-15,293364,5735,515,40288.79,0.0188
689,1,2023-06-20,60965,7997,507,29511.55,0.1066
690,28,2023-07-09,352489,1374,297,45685.05,0.1447
691,31,2022-03-29,111525,18085,240,15248.97,0.0014
692,5,2022-07-26,39092,12121,364,24235.13,0.096
693,31,2022-04-22,37472,17660,227,613.8,0.1034
694,31,2024-11-05,161284,671,516,9042.85,0.0383
695,23,2024-02-12,8172,9501,942,11553.07,0.0237
696,8,2023-02-08,24127,4959,808,41192.13,0.1489
697,13,2023-05-27,341538,11397,277,2572.06,0.0567
698,6,2023-04-23,449589,6509,783,28001.91,0.1447
699,17,2024-09-22,85056,15308,565,3672.67,0.1197
700,39,2024-03-09,478075,10281,655,41555.48,0.1057
701,15,2024-01-28,480275,2802,329,32845.85,0.0439
702,37,2024-02-18,26224,12639,443,3096.56,0.1059
703,28,2024-04-19,140617,15899,92,7351.13,0.0322
704,47,2024-04-09,337490,18425,225,13123.84,0.0497
705,38,2024-07-22,179745,3522,702,16427.43,0.0739
706,34,2022-03-27,14029,10289,862,25472.8,0.023
707,42,2024-08-23,334542,7815,414,2636.61,0.1434
708,15,2022-05-01,37927,14396,856,44834.69,0.0784
709,10,2022-07-05,393771,1350,629,16830.36,0.0275
710,36,2023-05-14,466161,7657,183,26675.54,0.094
711,45,2024-02-08,433089,18387,235,44669.75,0.0484
712,5,2024-05-24,444119,2539,712,2781.06,0.124
713,23,2022-07-07,165427,3085,221,25759.39,0.14
714,11,2022-12-04,218716,5044,629,38540.97,0.0575
715,22,2024-11-12,288307,7528,836,13723.34,0.1314
716,40,2024-03-02,444598,1564,339,7514.69,0.006
717,20,2025-01-24,286692,4649,909,15840.42,0.0576
718,44,2024-08-13,358324,19715,78,36858.41,0.1205
719,33,2024-02-06,48756,11628,515,20059.62,0.0435
720,3,2023-09-04,437975,16874,888,45810.4,0.1327
721,34,2024-12-23,420392,4519,609,30546.23,0.0956
722,35,2022-01-13,472147,16290,911,19613.03,0.0157
723,24,2023-06-05,188449,17013,754,403.59,0.0989
724,41,2024-05-25,56236,17064,451,2630.76,0.1474
725,14,2024-04-26,165493,2253,150,9233.64,0.0104
726,13,2024-01-10,234622,12916,617,5255.84,0.0613
727,42,2024-07-01,96652,10888,607,27390.81,0.0541
728,35,2023-07-08,93709,3321,735,8587.47,0.0773
729,39,2024-12-20,167204,6827,784,16064.73,0.0385
730,7,2023-06-19,129361,1220,96,31923.75,0.1204
731,17,2023-01-01,208561,15123,935,11624.79,0.0297
732,10,2023-10-30,471975,3505,362,11910.38,0.0075
733,46,2023-06-23,340234,7350,23,27107.73,0.0444
734,15,2022-07-03,18551,1208,174,16204.14,0.0077
735,29,2024-02-01,155034,15757,446,29861.43,0.0704
736,15,2023-12-08,296939,10549,69,32115.35,0.0766
737,18,2024-04-25,433465,19026,711,5158.64,0.0233
738,20,2024-08-26,432588,2811,147,22605.97,0.0918
739,39,2022-11-07,257448,5615,807,15201.53,0.0911
740,35,2024-09-23,283211,6600,832,11964.05,0.0325
741,28,2024-01-16,182157,14769,789,19852.49,0.037
742,22,2022-09-26,371407,4560,4,34895.68,0.0239
743,9,2024-06-27,326274,14238,101,32938.75,0.0691
744,43,2022-02-26,18783,2872,832,8607.82,0.0078
745,23,2023-12-03,363257,2234,463,9089.26,0.089
746,35,2025-01-26,374005,19554,563,12356.79,0.106
747,8,2022-07-08,296388,16743,585,21633.4,0.0376
748,20,2022-03-11,194117,4542,693,16205.35,0.0601
749,17,2022-02-12,389862,12668,24,31616.12,0.0601
750,14,2022-10-08,461242,19905,11,2466.41,0.0829
751,22,2022-01-21,422143,18866,70,16705.05,0.1029
752,32,2023-10-30,2643,14124,719,12374.78,0.1003
753,11,2022-11-09,317298,17597,923,8822.09,0.1154
754,22,2022-01-25,182225,8015,521,19555.83,0.1296
755,6,2022-09-22,103646,10368,572,13287.17,0.1041
756,10,2022-05-05,300728,8688,95,26181.1,0.045
757,28,2022-11-17,406867,1458,274,42855.08,0.0289
758,22,2024-10-20,334078,19184,479,9336.54,0.0296
759,6,2023-05-12,474117,5334,845,35537.56,0.017
760,33,2022-03-10,268390,5242,680,29557.43,0.1295
761,35,2022-03-15,241026,9020,219,26440.31,0.0522
762,42,2024-07-27,438350,5649,622,2255.9,0.1384
763,6,2024-05-30,176239,4019,969,41185.81,0.1322
764,28,2024-07-21,125221,6226,449,18795.66,0.0082
765,9,2024-06-18,246275,18264,895,35751.09,0.0732
766,27,2023-11-07,337491,19874,500,11752.08,0.0443
767,2,2024-01-24,348776,15625,769,45810.19,0.0063
768,2,2022-10-06,364097,2973,97,29916.91,0.0503
769,47,2024-01-28,268939,7176,405,35622.2,0.1299
770,22,2022-05-14,241408,1589,653,7410.81,0.1379
771,23,2024-01-29,341261,4843,384,44200.97,0.1371
772,28,2023-04-29,150667,9962,194,8919.97,0.0206
773,11,2023-01-29,234519,5601,847,3714.64,0.0303
774,12,2024-10-09,111122,6121,128,39122.72,0.0459
775,36,2023-08-14,5907,823,12,13669.98,0.0333
776,19,2023-07-16,207160,6071,840,8460.99,0.1444
777,39,2022-10-01,263280,2346,505,7676.33,0.0273
778,50,2023-05-12,104492,8607,478,22408.53,0.1028
779,17,2024-12-26,416625,8641,293,11982.33,0.1237
780,25,2022-10-26,335496,18117,837,7521.61,0.1021
781,37,2023-09-22,419297,18275,295,27943.98,0.1123
782,32,2023-12-17,303701,12695,373,18419.97,0.0831
783,28,2023-05-28,56763,7803,958,1232.78,0.0765
784,49,2024-06-17,49900,1749,432,7339.93,0.051
785,39,2022-08-13,207708,18482,218,38236.89,0.0762
786,43,2023-06-25,391311,9072,855,38128.73,0.0586
787,19,2023-10-22,443429,13093,903,35027.58,0.1011
788,22,2024-04-03,366964,13597,11,9202.03,0.0052
789,28,2022-10-17,147645,10253,81,49775.03,0.0364
790,4,2024-04-15,59649,4623,471,36625.89,0.0446
791,34,2023-11-14,433370,15763,824,29955.45,0.0988
792,40,2023-09-04,40188,18253,295,34417.08,0.0257
793,21,2023-07-22,305767,10485,228,21998.73,0.007
794,31,2023-12-21,143464,9705,84,16528.12,0.0698
795,18,2022-09-08,179786,396,177,7031.34,0.1099
796,22,2022-05-18,389120,17856,756,18644.31,0.1463
797,39,2024-06-17,492678,12330,527,4267.07,0.0576
798,21,2023-12-22,3879,17114,622,5648.75,0.0897
799,34,2024-06-22,222262,19840,577,5874.27,0.0563
800,18,2022-03-03,32398,9911,747,25222.39,0.1465
801,50,2022-03-31,276304,443,885,35685.68,0.0572
802,32,2024-11-19,76537,5282,261,28657.95,0.1103
803,39,2023-05-02,163633,4313,796,42134.69,0.0411
804,39,2024-07-09,265247,9697,468,16048.99,0.0255
805,5,2024-01-30,177942,2546,323,20305.9,0.1254
806,20,2023-04-25,388774,16048,143,29611.58,0.048
807,47,2022-10-05,19097,8938,211,1706.76,0.0613
808,19,2022-10-13,437472,13584,878,11519.37,0.1294
809,24,2024-09-09,363235,6008,997,28581.13,0.0765
810,25,2024-11-29,477188,11888,520,40388.12,0.0519
811,27,2022-03-03,195507,578,674,48155.97,0.1187
812,31,2024-01-15,313403,18869,482,18020.95,0.0303
813,40,2022-12-01,429286,18652,691,49298.2,0.0804
814,50,2022-08-08,326925,8333,41,17199.7,0.0756
815,17,2024-04-27,381640,11739,941,8626.84,0.1389
816,45,2024-12-30,307834,6405,369,26118.26,0.0554
817,13,2022-04-14,233712,12639,833,27237.41,0.1021
818,1,2023-10-14,132624,4458,408,1181.73,0.1129
819,18,2022-09-15,371209,3962,95,24181.37,0.035
820,33,2023-07-31,323148,12633,157,36628.9,0.0401
821,46,2024-04-22,294410,10118,554,18172.99,0.067
822,5,2023-05-06,496013,9919,142,39898.06,0.0349
823,47,2023-10-12,391969,779,283,15323.54,0.1048
824,2,2024-01-31,263062,3641,982,2626.38,0.1244
825,28,2022-09-22,17924,16711,904,32231.65,0.0238
826,8,2022-07-30,468468,1689,262,4410.27,0.1433
827,33,2024-11-02,477240,13477,704,2200.95,0.09
828,26,2022-01-01,72505,5303,320,2218.98,0.0259
829,44,2022-03-05,66122,3454,630,27094.38,0.0495
830,11,2024-03-19,45587,16061,143,25816.42,0.1045
831,32,2022-03-24,68063,12355,965,5965.25,0.0567
832,9,2024-06-20,305367,16120,909,20289.57,0.0017
833,3,2023-01-09,237475,3605,545,43281.34,0.1357
834,50,2022-01-29,416570,3832,11,2482.32,0.1007
835,18,2023-12-18,77805,11222,942,13045.21,0.1296
836,48,2023-03-09,192072,3685,789,33196.19,0.0836
837,42,2023-03-11,146372,10372,504,19216.16,0.1254
838,37,2023-09-05,233054,16579,677,29547.43,0.0686
839,10,2024-03-02,367693,19017,647,3531.29,0.0614
840,50,2022-06-12,216244,8469,398,19098.07,0.1009
841,14,2023-01-13,229308,14111,228,33334.68,0.1107
842,33,2025-01-16,72119,19559,988,22005.69,0.1234
843,50,2024-07-30,201353,17805,714,41313.86,0.0446
844,34,2023-09-13,266453,10452,88,19696.24,0.1333
845,28,2023-04-02,181021,14418,802,16182.69,0.1041
846,49,2023-08-24,174052,5678,306,1520.48,0.0526
847,18,2022-08-19,217556,17557,201,38629.29,0.0189
848,17,2022-12-31,60913,10103,478,8908.9,0.0364
849,34,2022-03-08,454906,6243,161,22522.35,0.1391
850,22,2023-09-05,147112,289,173,24228.89,0.0451
851,6,2022-12-21,132079,7343,159,49699.26,0.1438
852,48,2023-11-11,278154,19428,646,7962.85,0.1081
853,31,2022-02-01,339376,8557,664,7489.8,0.1401
854,44,2024-06-12,51638,8027,388,32468.62,0.063
855,13,2023-09-21,328782,17101,370,6616.91,0.0812
856,44,2022-10-27,320162,10316,889,25676.54,0.0319
857,44,2022-07-15,488443,4912,26,5500.53,0.1115
858,11,2024-09-15,386977,19829,407,25633.02,0.0559
859,37,2024-04-08,169935,5156,79,37004.13,0.072
860,32,2022-02-04,6899,5494,512,5624.36,0.0092
861,37,2023-03-11,317985,706,823,12298.22,0.0573
862,46,2022-09-09,198431,16374,682,40257.5,0.0256
863,6,2023-09-10,297472,6104,823,46898.51,0.1139
864,4,2024-08-15,270057,6174,282,53.33,0.0039
865,30,2022-09-30,184819,444,133,6101.94,0.0078
866,35,2023-11-25,307077,7127,57,31688.85,0.1035
867,33,2023-07-12,104270,16652,650,7386.15,0.0934
868,16,2024-02-05,470771,6274,802,29563.37,0.124
869,6,2022-08-29,269946,15856,146,23387.44,0.0269
870,39,2023-02-01,121852,2718,476,17215.37,0.1224
871,13,2024-06-03,104866,3799,116,18156.98,0.1375
872,42,2023-12-17,329764,11829,921,15200.71,0.0896
873,5,2024-07-27,289409,1984,971,27323.02,0.052
874,22,2024-10-08,207009,7740,268,6193.94,0.1062
875,12,2024-02-04,117783,3654,922,21355.69,0.0053
876,12,2023-03-06,237360,7625,587,10870.18,0.1369
877,47,2023-07-02,193913,15165,990,44863.33,0.0155
878,9,2024-05-27,11806,8169,486,24010.19,0.0853
879,2,2023-11-18,136822,5123,326,39135.39,0.1416
880,31,2022-02-18,68814,16176,474,45249.58,0.1475
881,7,2024-07-26,350639,16867,575,32753.37,0.1232
882,47,2022-11-12,284085,14884,520,47597.92,0.1153
883,22,2022-01-19,25915,6712,80,37130.33,0.14
884,24,2023-08-04,270017,7566,445,21062.5,0.0484
885,40,2024-02-10,258097,3704,563,48793.82,0.1442
886,50,2023-03-18,309476,10763,202,268.85,0.0115
887,22,2023-12-15,98551,5126,218,45160.31,0.1187
888,41,2023-04-25,492748,3470,346,29876.46,0.1451
889,44,2022-06-12,19392,11711,713,4665.28,0.1096
890,22,2022-03-28,344374,15872,986,39147.67,0.0729
891,9,2022-12-02,267397,3328,50,36652.0,0.0873
892,36,2024-10-30,233850,280,909,25851.18,0.0842
893,4,2022-03-27,481725,1624,225,26370.06,0.1255
894,40,2022-07-25,54157,7260,131,44643.69,0.0355
895,2,2024-03-20,16251,6274,232,24660.21,0.0849
896,26,2022-05-27,89395,13181,595,41168.4,0.0681
897,47,2024-10-25,32622,15418,618,12456.21,0.0437
898,19,2024-05-29,318506,12385,621,109.99,0.0873
899,4,2022-11-17,114315,2608,591,38146.79,0.067
900,47,2024-10-30,484957,2042,277,13403.35,0.0611
901,1,2024-10-08,302524,2667,901,30227.29,0.0386
902,11,2023-03-18,174195,5228,61,8852.16,0.1308
903,43,2022-04-22,415188,10127,873,49900.32,0.1133
904,32,2024-12-20,449623,1125,336,16150.8,0.008
905,20,2023-07-24,115938,129,100,5219.76,0.011
906,28,2024-09-23,15570,11321,905,5257.13,0.1032
907,4,2024-08-29,165362,8048,967,16077.66,0.0538
908,44,2023-08-25,358718,5505,762,12305.42,0.0562
909,14,2024-09-07,183362,12217,545,13242.21,0.0153
910,41,2025-01-30,95000,12589,811,41269.42,0.0283
911,37,2022-06-17,141986,16921,342,42805.84,0.0604
912,33,2023-08-27,436930,13290,330,32723.34,0.0804
913,17,2024-06-20,117892,18080,959,28397.74,0.0977
914,6,2024-05-22,63343,5860,977,23481.52,0.0915
915,20,2023-01-05,199226,4254,935,25764.89,0.0129
916,21,2022-02-10,236511,3952,430,26578.49,0.1237
917,14,2022-10-24,406918,3876,916,24327.29,0.0136
918,25,2024-08-09,166983,6870,992,1634.73,0.142
919,50,2024-09-23,30717,10828,363,22411.63,0.0064
920,7,2023-07-18,129436,744,149,38316.12,0.1253
921,26,2024-07-15,343866,18710,127,33550.62,0.0199
922,50,2023-07-17,5207,9201,988,45738.96,0.1084
923,15,2022-09-21,133853,5550,26,2061.83,0.0503
924,6,2022-03-21,488156,16656,820,45365.04,0.0198
925,39,2024-08-16,318483,13324,485,19591.94,0.0218
926,16,2023-04-14,373992,6872,993,6136.17,0.0245
927,27,2023-01-07,45559,5687,647,23269.52,0.0133
928,47,2023-09-29,8114,10904,377,5052.24,0.1382
929,50,2022-09-21,392416,19834,479,23358.26,0.1188
930,40,2022-05-21,213195,4063,689,38113.18,0.1146
931,38,2023-03-28,488488,9149,589,41411.81,0.014
932,20,2024-03-21,133214,17952,462,31282.41,0.1262
933,12,2022-04-26,248751,19217,876,16551.5,0.1065
934,10,2022-05-02,262402,11098,483,934.19,0.118
935,50,2024-02-27,145192,17454,693,10099.81,0.1329
936,43,2024-08-04,43143,10431,215,37891.98,0.0297
937,27,2023-01-25,357231,3686,498,48652.42,0.0424
938,33,2022-08-03,377207,13386,469,12626.42,0.0164
939,10,2022-09-06,386891,17747,184,22982.89,0.053
940,27,2024-07-19,117782,9734,680,24892.87,0.1303
941,42,2022-08-03,252171,18424,301,49889.91,0.1271
942,28,2023-05-28,242845,11099,755,18812.5,0.126
943,39,2022-08-10,174253,15354,746,34458.38,0.0422
944,7,2024-02-04,239148,14065,122,33122.75,0.1136
945,36,2023-01-11,122079,9020,140,34961.6,0.0262
946,40,2024-06-15,277158,16484,432,49648.57,0.1491
947,16,2023-10-30,447284,7548,875,13867.02,0.0278
948,8,2023-04-02,473583,5118,727,27854.16,0.1385
949,32,2024-10-16,115566,5387,335,28401.82,0.0846
950,38,2024-03-05,28106,18910,805,35400.42,0.0372
951,50,2023-07-31,260129,11701,559,18661.66,0.0765
952,39,2023-05-17,159459,8537,244,7609.74,0.0778
953,50,2022-07-23,313393,8403,690,699.72,0.0431
954,5,2024-06-18,238938,19404,23,34962.98,0.0739
955,23,2023-08-03,429941,16475,599,13094.16,0.1282
956,21,2022-04-21,196563,8195,700,46482.51,0.0584
957,16,2024-06-02,352632,462,452,40802.96,0.0838
958,28,2023-04-12,234464,9301,967,35127.63,0.0579
959,46,2023-10-29,299850,14329,256,20679.33,0.1201
960,5,2023-11-04,455091,15866,900,7323.91,0.0811
961,22,2024-02-20,377155,12900,333,48039.86,0.0639
962,14,2024-11-10,477317,18509,599,23454.79,0.0903
963,1,2024-06-22,486023,161,893,34.61,0.0602
964,27,2022-05-02,378024,11863,697,8191.46,0.1053
965,27,2022-07-28,436934,4487,828,15009.55,0.0176
966,2,2023-11-08,85376,134,404,13389.8,0.0049
967,47,2022-05-11,325940,2608,743,38046.56,0.0681
968,1,2024-03-26,227666,18445,234,15890.62,0.1494
969,39,2022-08-07,370406,768,885,8075.32,0.1071
970,8,2023-06-28,385001,943,899,29488.74,0.0478
971,35,2022-07-31,211247,16050,923,9704.22,0.0332
972,39,2024-07-22,1999,9584,628,41112.4,0.03
973,27,2023-05-01,97647,15583,481,2360.4,0.0614
974,38,2023-03-28,79446,16536,517,40328.85,0.0969
975,32,2023-12-01,463240,4499,324,23413.78,0.1303
976,35,2024-08-23,183292,5935,415,13298.18,0.0662
977,39,2024-10-14,483976,19413,503,36702.3,0.0215
978,20,2022-09-25,53488,15096,92,38224.75,0.0909
979,8,2024-04-30,276649,8750,728,30265.63,0.105
980,37,2022-12-17,449028,12396,223,46004.85,0.117
981,45,2023-08-25,343322,10269,835,30695.11,0.1393
982,21,2023-03-09,455403,15241,373,39264.79,0.0968
983,44,2023-07-09,296104,19931,56,13777.1,0.0952
984,46,2022-09-02,400680,2175,727,12761.89,0.1343
985,6,2022-01-14,290604,17515,947,23203.71,0.097
986,25,2022-02-05,185071,10084,460,4857.09,0.0745
987,38,2022-09-17,457142,12331,844,34598.83,0.0644
988,38,2024-02-05,403067,16690,72,32475.56,0.0308
989,31,2022-01-09,100981,19001,274,24757.9,0.034
990,7,2023-01-15,395003,10799,846,13987.97,0.1479
991,3,2024-10-11,184863,3139,301,28267.79,0.1198
992,27,2024-10-11,163414,1977,58,47421.36,0.0804
993,32,2023-05-28,384358,3137,425,39658.87,0.1388
994,16,2022-07-04,307109,17147,368,2264.11,0.0412
995,31,2024-12-24,294916,4614,871,16921.65,0.0584
996,27,2022-08-03,98025,17724,643,46755.29,0.114
997,20,2022-04-11,441313,17062,152,27741.24,0.1008
998,47,2022-09-29,232619,9510,904,48108.27,0.0573
999,32,2022-04-05,280259,17247,456,1683.84,0.1476
1000,37,2022-06-17,339397,13349,680,1169.05,0.1056
