customer_id,first_name,last_name,email,phone,city,country,signup_date,loyalty_tier,is_active
1,Amy,Robinson,lisa02@example.net,(254)923-5116x1,South Christianport,UK,2020-08-16,Bronze,1
2,Maria,Montgomery,barbara10@example.net,441.731.6475,Jasonview,USA,2021-04-02,Silver,1
3,Jacqueline,Sutton,lynchgeorge@example.net,527.264.8350,Richardland,UK,2023-01-21,Bronze,1
4,Jason,Hahn,jason76@example.net,724.523.8849x69,New Trevor,USA,2020-03-02,Bronze,1
5,Katelyn,Callahan,courtneyconner@example.com,+1-616-769-7848,West Ryanmouth,UK,2023-05-17,Bronze,1
6,Aaron,Bowen,teresa28@example.org,+1-948-293-2528,West Natashaport,UK,2023-08-23,Platinum,1
7,John,Allen,millertodd@example.org,001-682-827-824,Samuelhaven,UK,2021-07-23,Bronze,1
8,Shannon,Wright,morganbrianna@example.org,001-330-510-310,Elizabethborough,USA,2023-11-30,Platinum,1
9,Amber,Cummings,esanchez@example.com,311.265.6670,Chandlerville,USA,2021-03-16,Gold,1
10,John,Lee,ltaylor@example.com,831.978.1080x13,Lewisfurt,Canada,2020-07-17,Gold,1
11,Rachel,Martin,gallowayjoseph@example.com,268-272-3430x98,Shawhaven,UK,2021-06-25,Bronze,1
12,Eric,Yu,yorkcasey@example.org,+1-736-619-3990,Lake Jennifer,UK,2020-09-12,Platinum,1
13,John,Foster,stephen10@example.com,+1-791-618-3842,South Martha,Canada,2023-07-11,Gold,1
14,Jade,Carr,contrerasangela@example.net,524-711-8244,Lake Cynthia,UK,2020-05-22,Bronze,1
15,Joseph,Freeman,davisrodney@example.com,2053242786,Lake Rebeccaside,Canada,2020-06-12,Silver,1
16,Barry,Wood,russellwilliams@example.com,4535315869,Port Lisa,Canada,2021-07-23,Platinum,1
17,Nicole,Johnson,kimberly63@example.com,(616)507-3375,North Donna,Canada,2020-11-29,Gold,1
18,Raymond,Ramirez,rasmussenjoshua@example.net,768.750.1429x40,Obrienhaven,UK,2021-06-30,Bronze,1
19,Darrell,Lam,jonathanfletcher@example.org,783.856.1595x14,Angelaborough,USA,2022-12-29,Silver,1
20,Robert,Bentley,christinaturner@example.net,9449369957,New Thomas,Canada,2021-07-06,Silver,1
21,Rachel,Flynn,donnacampbell@example.net,+1-395-913-4332,Mercadoshire,USA,2021-04-14,Bronze,1
22,James,Horton,jross@example.net,001-901-463-287,Contrerasside,Canada,2021-07-02,Bronze,1
23,Caitlin,Dodson,usalazar@example.net,(387)627-7434x8,West Matthew,UK,2021-10-06,Silver,1
24,Patricia,Miller,jessebenson@example.net,516.865.8760,Steinshire,Canada,2023-08-09,Platinum,1
25,Sophia,Smith,wwoods@example.com,001-766-888-937,Port Tanner,USA,2021-05-20,Gold,1
26,David,Dean,meadowsbrittany@example.net,7165272046,Murphyfurt,Canada,2023-04-10,Platinum,1
27,Joshua,Bean,fking@example.com,5802531003,East David,USA,2022-11-09,Platinum,1
28,Elizabeth,Elliott,stevenscott@example.com,(699)812-4190,Davidborough,USA,2020-08-12,Silver,1
29,Charles,Vaughn,curtisbarton@example.net,+1-819-905-8651,South Susanmouth,UK,2022-05-14,Bronze,1
30,Jasmine,Graham,christina87@example.com,(294)953-1473x7,Hunterborough,UK,2022-08-16,Gold,0
31,Michael,Green,nicole48@example.org,531.836.7837x77,West Elizabeth,USA,2023-10-25,Bronze,1
32,Miguel,Tran,ronald85@example.com,001-574-544-313,Hillshire,UK,2021-06-30,Gold,1
33,Tiffany,Warren,tina34@example.org,(924)308-2400x8,New Justinfort,Canada,2020-11-19,Platinum,1
34,Scott,Lopez,kingmichelle@example.org,667-319-0229,North Angela,UK,2021-06-23,Silver,1
35,Robert,Carlson,kimberlyjames@example.com,496-549-9091x33,New Charles,USA,2023-07-04,Gold,1
36,Aaron,Hayes,ocarter@example.com,001-447-613-493,North Brian,UK,2023-06-01,Silver,1
37,Laura,Larson,scott74@example.net,(248)387-7190x6,Lake Mary,USA,2023-01-09,Bronze,1
38,Barbara,Sampson,barbara27@example.net,+1-374-429-6717,Robertfort,Canada,2020-02-09,Bronze,0
39,Keith,Landry,gibsonleonard@example.com,768-908-7603,Wolfborough,Canada,2021-05-05,Bronze,1
40,Joseph,Anderson,samuel71@example.org,+1-393-424-8086,Cantuport,UK,2020-06-10,Bronze,1
41,William,Hill,pbaird@example.com,+1-826-739-8214,Loriport,USA,2022-12-26,Silver,1
42,Jessica,Monroe,cgrimes@example.net,855.288.6753x39,Juliefurt,Canada,2023-01-30,Silver,1
43,Paul,Alvarado,tylerjohnson@example.net,001-851-471-870,South Kimberlyview,UK,2022-05-16,Silver,0
44,Matthew,Schwartz,christianmelissa@example.net,(357)980-9134x3,Lake Kevin,UK,2023-11-13,Silver,1
45,Anthony,Nguyen,carternicholas@example.org,886.592.2219,Durhamberg,Canada,2023-10-07,Gold,1
46,Jesse,Little,ascott@example.com,882-917-5946x47,East Patrickstad,UK,2022-07-13,Bronze,1
47,Bailey,Haney,andrew64@example.org,001-509-674-395,Lake Colton,USA,2021-11-23,Bronze,1
48,Courtney,Williams,xjohnson@example.net,(714)656-2328,West Robin,USA,2023-04-20,Silver,1
49,Sherry,Coffey,julie51@example.com,623-368-5160,Richardsonview,UK,2023-07-16,Bronze,1
50,Brenda,Carson,daniel37@example.org,+1-285-693-1746,Wilsonbury,USA,2021-11-07,Bronze,1
51,Paige,Taylor,vwatson@example.net,+1-669-226-1796,Jeffmouth,Canada,2023-10-02,Platinum,1
52,Stephanie,Foley,pollardmichael@example.net,(706)543-1713x9,Port Anne,USA,2023-03-15,Platinum,1
53,Casey,Hubbard,brendali@example.org,729-504-2284x21,Alfredview,Canada,2022-04-13,Silver,1
54,Brian,Harmon,reesethomas@example.com,891.878.3908x47,South Jennifermouth,UK,2022-06-01,Gold,1
55,Charles,Miller,cameronhill@example.net,001-885-369-847,Port Dianaside,Canada,2020-04-20,Bronze,1
56,Jennifer,Lewis,abeasley@example.com,366.315.6545x27,South Colinstad,UK,2021-11-25,Bronze,1
57,Lisa,Hawkins,elizabeth65@example.net,001-360-749-451,Dannyview,USA,2023-01-03,Platinum,1
58,Audrey,Aguirre,lynchdiane@example.net,302-444-5502x29,North Julieborough,USA,2021-07-24,Platinum,1
59,Nicholas,Chavez,mitchellgriffith@example.net,+1-910-822-9014,Jasonhaven,USA,2022-06-26,Bronze,1
60,Daniel,Jordan,erika97@example.net,+1-740-336-9003,South Julieburgh,UK,2020-01-31,Bronze,0
61,David,Patel,vincentwhitaker@example.com,860-860-7159,Robertsfurt,USA,2020-12-06,Platinum,1
62,Andrew,Nguyen,xcollier@example.org,(313)369-6816x4,Port Michael,USA,2022-04-01,Bronze,1
63,Jessica,Fuentes,joelthomas@example.org,(992)712-7799,Edwardland,USA,2022-03-10,Gold,0
64,Taylor,Welch,brittany58@example.org,977-200-5411x99,Stoutshire,Canada,2021-08-07,Platinum,1
65,Denise,Morris,dmason@example.com,451-782-0377,Samanthafurt,UK,2023-02-12,Platinum,1
66,Riley,Morgan,mccormickdeborah@example.org,818-464-4925x19,West Angelicamouth,Canada,2021-03-21,Bronze,1
67,Lisa,Santiago,lucasrodney@example.com,4544235733,West Meganville,UK,2020-05-04,Gold,1
68,William,Fernandez,stanleynancy@example.net,(296)822-2927,Ericabury,UK,2022-09-03,Silver,1
69,Tara,Bishop,pyoung@example.com,435.697.7468x86,Lake Timothystad,UK,2020-06-13,Silver,1
70,Angela,Garcia,mitchellkathryn@example.com,782.561.3750x60,Vangstad,USA,2023-10-14,Silver,1
71,Jeffrey,Flores,combsdebra@example.org,(304)272-7790,Jasonberg,UK,2021-05-19,Bronze,1
72,Ana,Acosta,srodriguez@example.org,510-436-9711x79,Rubenstad,Canada,2023-09-08,Gold,0
73,John,Butler,millsmichael@example.net,+1-788-680-6706,West Kristinastad,USA,2023-10-03,Gold,1
74,John,Sandoval,ingramjill@example.com,(405)385-2772,Johnsonborough,Canada,2020-09-25,Gold,1
75,Bradley,Gonzalez,stewartkyle@example.com,+1-674-303-4505,Samuelfurt,USA,2020-01-20,Platinum,1
76,Julia,Kline,lmorgan@example.com,001-675-784-161,North Markport,UK,2020-07-23,Bronze,1
77,Kirk,Morrison,cjackson@example.com,205.496.4016x58,Johnsonland,UK,2021-06-27,Silver,0
78,Joel,Brewer,patrick90@example.net,(775)857-1928,Debrabury,USA,2021-05-15,Gold,1
79,Susan,Johnson,victorhughes@example.net,344-473-9473,South Geraldmouth,Canada,2023-01-17,Gold,1
80,Wendy,Cochran,elizabeth18@example.net,742-725-8313x23,Laraside,UK,2022-12-19,Bronze,1
81,David,Henson,parkeryvonne@example.net,486.469.1251x77,South Wesley,UK,2021-09-05,Bronze,0
82,Miranda,Guerra,kevinmartin@example.net,458.641.4384,New Danielleshire,USA,2021-06-25,Bronze,1
83,Shelly,Moore,megan90@example.org,909-643-9690,Timothyfurt,UK,2023-02-07,Silver,1
84,Kenneth,Jones,moorerobert@example.com,759.325.5562,Johnville,UK,2021-03-07,Gold,1
85,Joseph,Wright,williamssonia@example.net,(232)359-5327x8,Wagnerbury,UK,2021-06-24,Platinum,1
86,Jason,Gomez,campbellcarla@example.net,+1-274-580-1624,Angelaland,USA,2020-07-08,Platinum,1
87,Paul,Cole,marcia99@example.org,(816)255-8523,North Derrickmouth,USA,2020-01-08,Gold,1
88,Linda,Stone,catherinerobertson@example.com,+1-652-969-4958,West Markville,UK,2021-06-20,Silver,1
89,Tina,Silva,carlsonjoseph@example.net,001-399-530-972,South Leeberg,UK,2023-12-16,Platinum,1
90,Robert,Harris,vsalas@example.net,7284385786,Barrmouth,USA,2020-06-03,Silver,1
91,Amy,Lowe,chelsea33@example.com,+1-743-644-3757,Davidside,Canada,2023-04-07,Silver,1
92,Noah,Baird,stephanie24@example.org,315-574-7338x48,North Elizabeth,USA,2021-09-23,Gold,1
93,Amanda,Little,garciamark@example.com,620-782-6773,Debbieland,USA,2022-01-02,Silver,1
94,Denise,Hall,gentrygregory@example.org,3677240049,Shawnside,UK,2020-07-29,Gold,1
95,Alice,Small,melissamcdonald@example.org,552-474-2054,Wilcoxhaven,Canada,2023-06-25,Silver,0
96,Mark,Morales,lopezdonald@example.com,204.663.7454,Heatherton,USA,2020-11-28,Silver,1
97,Elizabeth,Marshall,richardshaw@example.net,001-841-945-933,Port John,USA,2021-01-02,Gold,1
98,Karen,Marks,foxallison@example.com,491-408-8398,Melissamouth,Canada,2023-10-03,Silver,1
99,Darren,Harris,gdavis@example.com,9726867908,South Jonathantown,UK,2020-08-09,Platinum,1
100,Julie,Lane,hendersonisabella@example.net,7178046226,Kanefurt,Canada,2021-03-31,Silver,1
101,Nicholas,Vega,desireebailey@example.org,+1-868-823-0047,East Steven,Canada,2021-12-17,Gold,1
102,Eric,Lopez,johnsondonna@example.net,001-903-531-190,Port Michelle,USA,2021-04-01,Bronze,1
103,Brian,Gordon,jim95@example.net,+1-453-842-8364,Williamsstad,Canada,2021-11-03,Gold,1
104,Shelly,Powers,heather62@example.com,(428)873-3427x0,West James,Canada,2021-12-20,Platinum,1
105,Deborah,Nielsen,christopher30@example.com,(299)501-3983x7,Lake David,UK,2021-11-09,Bronze,1
106,Yvonne,Mendoza,heatherpadilla@example.com,685.746.7854,Owensfort,Canada,2020-12-31,Gold,1
107,Kathleen,Flores,nathangutierrez@example.net,420.548.9964,Jerryshire,UK,2022-06-08,Gold,1
108,Martha,Porter,jonathan77@example.com,(252)328-7280,Port Adamberg,Canada,2022-06-12,Bronze,1
109,Megan,Hall,albertwagner@example.com,8992770088,New Jenniferside,UK,2021-01-24,Gold,1
110,Tiffany,Smith,ldrake@example.org,682-833-9845,West Susanmouth,Canada,2020-01-04,Silver,1
111,Annette,Branch,kevinclayton@example.org,+1-801-766-6870,New Samanthabury,USA,2023-09-22,Gold,1
112,Jason,Parrish,enelson@example.net,689-402-5039x26,New Mary,UK,2020-09-12,Gold,1
113,Paul,Mosley,patrick21@example.net,001-250-616-315,Henrystad,UK,2022-04-16,Gold,1
114,Angela,Bennett,eringuerrero@example.org,001-394-231-142,Seanview,Canada,2023-02-09,Silver,1
115,Curtis,Miller,jcole@example.net,(810)315-8199x5,New Adriana,UK,2022-02-15,Silver,1
116,Gina,Jackson,kevin72@example.org,(564)964-7154,South Daniel,Canada,2022-04-11,Bronze,1
117,Kevin,Rush,meagan65@example.com,969-524-5937x52,Nicholasfurt,USA,2022-05-30,Gold,1
118,Michael,Frederick,brittanygardner@example.net,001-480-873-741,Jonesfort,Canada,2023-10-15,Silver,1
119,Brandi,Ferguson,ystephens@example.com,001-789-811-352,North Coreybury,UK,2020-12-13,Bronze,1
120,William,Stone,seanmyers@example.net,001-382-350-714,West Larry,UK,2023-07-20,Gold,1
121,Stanley,Clark,gbailey@example.com,001-475-414-010,Anitamouth,USA,2023-10-09,Gold,1
122,Jesse,Sullivan,jacobsandoval@example.com,5936796603,New Cristianside,USA,2020-10-28,Bronze,1
123,Jacob,Nguyen,qwilson@example.com,359.469.6915x57,Davidport,Canada,2023-06-05,Bronze,1
124,Daryl,Brooks,williambarnes@example.org,001-966-627-828,East Leonard,UK,2023-03-24,Silver,1
125,Shannon,Brown,stephanie72@example.org,(588)676-7677x2,West Jeffreyport,Canada,2022-10-09,Platinum,1
126,Gary,Ellis,hdunn@example.net,848-358-0783,West Nancy,UK,2023-11-09,Bronze,1
127,Antonio,Baker,gonzalesvictoria@example.org,595.296.2923,Amandaside,USA,2022-05-20,Silver,1
128,Gary,Werner,keith48@example.net,726-504-2232,Burnsshire,UK,2022-11-26,Platinum,1
129,Cynthia,Burton,ohayes@example.org,(884)557-7590x1,Summersfort,USA,2020-09-05,Platinum,1
130,Joseph,Clayton,amy29@example.com,600-417-0127x70,Clarencestad,Canada,2023-09-29,Gold,0
131,John,Watson,brettgarrett@example.net,001-936-211-037,Lake Matthewville,Canada,2023-06-08,Platinum,1
132,Vanessa,Henderson,timperez@example.org,001-211-455-426,Bellborough,UK,2022-07-02,Silver,1
133,Courtney,Hernandez,cjensen@example.org,412-519-6565,Deannabury,Canada,2022-07-10,Gold,1
134,Angela,Greene,kimberly04@example.org,398.236.4037x61,Sarahberg,UK,2021-07-21,Platinum,1
135,Paul,Combs,rdiaz@example.org,001-871-809-104,Millerside,Canada,2022-06-19,Bronze,1
136,Amanda,Hernandez,collinswilliam@example.org,(285)569-1463,South Darrenton,USA,2021-07-10,Gold,1
137,Kyle,Harmon,davidzimmerman@example.net,4276588425,Port Rachelmouth,UK,2020-06-14,Silver,1
138,Lindsay,Nelson,bakertheresa@example.net,777-485-0792,Kerrishire,Canada,2023-11-22,Silver,1
139,Emily,Wilson,williamsmichelle@example.org,5757622086,South Ruth,USA,2022-04-29,Platinum,1
140,Luis,Mckenzie,david02@example.org,606.617.4451x87,South Micheal,Canada,2022-05-01,Bronze,1
141,Teresa,Cuevas,jessicapayne@example.org,(206)803-8505,Daltonhaven,Canada,2022-03-08,Bronze,1
142,Tonya,Barnes,kaufmandouglas@example.com,303-486-5719,Jonesshire,UK,2022-02-18,Platinum,1
143,Bryan,Bates,joelgreen@example.com,(455)974-3132x9,Edwardsville,Canada,2021-09-03,Platinum,1
144,Amanda,Oconnell,shannonford@example.org,524-790-3521,Palmerport,Canada,2023-01-07,Silver,1
145,Jorge,Ewing,cranemelissa@example.net,001-883-717-121,New Brendaland,Canada,2022-06-11,Platinum,1
146,Andrew,Brown,flamb@example.com,207-802-9667,Thompsonborough,Canada,2023-10-01,Platinum,1
147,Rebekah,Hill,cstephenson@example.net,+1-493-847-6870,Lake Nicole,Canada,2020-09-18,Bronze,1
148,Alicia,Mccoy,mayokimberly@example.com,587.259.8564x20,Brianfort,UK,2023-03-01,Bronze,1
149,Alyssa,Wang,terrigarcia@example.net,448.503.9652,Lindastad,Canada,2020-10-04,Platinum,1
150,Robin,Johnson,stacey92@example.net,578.542.7010,New Timothymouth,Canada,2022-02-15,Gold,1
151,Samantha,Harris,matthewthompson@example.com,7028921851,West Kevinberg,Canada,2021-11-22,Platinum,1
152,Theresa,Oconnor,fconner@example.net,828-295-3926x44,New Lucas,Canada,2021-05-31,Bronze,1
153,Lisa,Carr,zunigadonald@example.net,635-552-1570,Lake Carlos,UK,2023-01-09,Bronze,0
154,Jonathan,Rodriguez,williamssamuel@example.com,(567)465-8617,Joneston,Canada,2021-04-04,Bronze,1
155,Kenneth,Flores,jonesgeorge@example.com,(818)415-9970,Mooreville,UK,2020-03-23,Bronze,0
156,Mark,Mccann,uterry@example.net,+1-944-443-1069,West Adamland,USA,2020-02-11,Silver,1
157,Kelly,Stanley,bgonzalez@example.org,(641)371-4677,Lopezfurt,Canada,2023-10-03,Bronze,1
158,Mike,Griffin,scott43@example.com,001-502-211-586,Cardenaschester,USA,2022-08-10,Gold,1
159,Tammy,Mcdaniel,parmstrong@example.com,416-508-9899x21,East Brad,USA,2023-05-25,Bronze,1
160,Christian,Vega,wendyburton@example.net,251-816-8685x48,South Edwardshire,USA,2021-09-29,Bronze,1
161,Brianna,Chang,buckleyanna@example.org,885-464-6799x70,Williamsmouth,Canada,2023-03-25,Platinum,1
162,Hannah,Williams,xmccall@example.org,344-547-1324x75,Lewischester,UK,2021-02-10,Bronze,1
163,Joyce,Malone,lori82@example.org,986-228-9023x30,Janetview,UK,2021-05-12,Bronze,1
164,Micheal,Marshall,hreid@example.net,7357797279,Port Patricia,Canada,2023-11-02,Bronze,1
165,Kaitlyn,Barker,anthony02@example.net,001-233-533-468,Charleneport,UK,2020-03-25,Gold,1
166,Jennifer,Fletcher,rodney65@example.com,637-648-9691x08,South Calebview,UK,2022-01-28,Bronze,1
167,Danielle,Hensley,diana43@example.org,230.596.5207x44,Jessicabury,Canada,2020-01-26,Platinum,1
168,Gina,Little,qknox@example.com,542.782.4172x48,Lake Monica,USA,2022-06-06,Gold,1
169,Robert,Eaton,jorge47@example.org,809.299.1738x16,East Victoria,Canada,2023-12-19,Silver,1
170,Matthew,Benitez,tthomas@example.org,001-917-352-500,New Ryan,UK,2022-12-04,Gold,1
171,Ruben,Patterson,creyes@example.net,550.758.3003,Davidfurt,UK,2022-09-17,Platinum,1
172,Wesley,Torres,colonkenneth@example.com,889.285.6257x53,East Jessica,UK,2023-04-28,Gold,1
173,David,Gross,daviddawson@example.org,(848)390-9010x0,Thomasberg,USA,2020-06-26,Gold,1
174,Jamie,Jennings,turnerdorothy@example.net,549.592.6189x14,Marieborough,USA,2022-08-09,Platinum,1
175,Michael,Ortiz,benjamincrawford@example.org,001-375-330-011,Dawnmouth,Canada,2021-10-27,Silver,1
176,Vanessa,Phillips,lwilliams@example.org,655-361-1002x25,Lisaburgh,Canada,2021-06-13,Gold,1
177,Daniel,Ross,ynelson@example.net,462.812.0216x97,Cherylberg,UK,2023-12-07,Gold,1
178,Timothy,Freeman,ealexander@example.com,+1-550-989-9358,Elizabethfurt,UK,2021-01-26,Bronze,1
179,Edgar,Serrano,smithsarah@example.net,872.817.5354x08,North Stephen,Canada,2022-09-27,Silver,1
180,Laurie,West,hwest@example.com,001-501-966-088,Michaelton,UK,2023-12-28,Platinum,1
181,Lisa,Richard,ann99@example.com,001-757-311-305,East Travischester,USA,2020-07-09,Gold,1
182,Daniel,Carr,davidphelps@example.org,435.916.0917x79,New Jillside,UK,2021-05-13,Gold,1
183,Savannah,Roberson,xglass@example.org,001-592-621-699,Stuartport,Canada,2022-08-27,Gold,1
184,Shawn,Anderson,vmorrison@example.net,785-383-3394x52,Annashire,UK,2023-02-01,Gold,1
185,Ashley,Contreras,icraig@example.com,(408)210-6200x3,Jamesside,Canada,2021-07-08,Gold,1
186,Antonio,Cervantes,jensenemma@example.net,886.738.4066,North Juliaborough,USA,2021-01-29,Gold,1
187,Christine,Norman,ogreer@example.net,001-459-389-334,Williamsview,UK,2023-11-14,Silver,1
188,Angela,Anderson,adam72@example.org,(759)309-4798,Aliciaburgh,UK,2022-09-18,Gold,1
189,Abigail,Hartman,robertherrera@example.org,(233)355-5439x8,Seanbury,UK,2023-05-07,Gold,0
190,Susan,Fleming,patrick16@example.com,+1-240-685-8877,West Willie,USA,2021-08-29,Silver,1
191,Stacy,Jackson,simsjason@example.net,001-336-213-861,Port Johnathan,Canada,2020-01-29,Silver,1
192,Chad,Underwood,rickey76@example.com,606-618-0919x01,West Kathymouth,USA,2023-02-07,Gold,1
193,Patrick,Short,wellsamanda@example.org,001-268-842-450,West Jasonstad,USA,2023-07-30,Platinum,1
194,Jason,Whitehead,eugenewalker@example.com,612.390.8781,Coreyshire,USA,2023-03-21,Gold,1
195,Tony,Rivera,emilyyoung@example.com,+1-713-757-7594,Jacksonmouth,Canada,2021-11-28,Silver,0
196,John,Walker,xhill@example.org,+1-457-577-5478,Jessicaland,Canada,2022-09-05,Bronze,1
197,Jessica,Mcclain,hessbeth@example.net,808.548.8725,Dennishaven,Canada,2022-10-04,Bronze,1
198,William,Sanders,batesmelanie@example.net,+1-928-527-2299,West Miketon,UK,2020-04-19,Silver,1
199,Elizabeth,Holmes,paul70@example.org,+1-351-684-4989,Kaufmanbury,UK,2021-09-14,Bronze,0
200,Zachary,Gomez,tommy79@example.org,327.523.1843x22,Shepherdville,USA,2023-02-16,Platinum,1
201,Timothy,Mendoza,brittanyholland@example.com,2304299228,East Jonathanburgh,UK,2021-04-07,Platinum,1
202,Zachary,Sullivan,johnsjessica@example.com,437-497-7236,Garymouth,Canada,2021-08-31,Platinum,1
203,Sandra,Carlson,hallpaul@example.org,9382862912,North Timothyberg,UK,2020-05-03,Bronze,0
204,Rachel,Ryan,princekimberly@example.net,(886)450-8637x6,Thomasbury,USA,2023-07-05,Silver,1
205,Renee,Miller,ascott@example.net,001-409-881-806,Joseside,USA,2020-11-17,Silver,1
206,Rodney,Diaz,victoria63@example.com,+1-687-725-8874,Fitzgeraldville,USA,2020-11-16,Bronze,1
207,Julie,Griffin,craigromero@example.com,+1-890-326-0127,West Jeffreyland,UK,2023-05-01,Platinum,1
208,Chelsea,Ramsey,hmendez@example.com,001-590-427-703,West Johntown,USA,2021-08-13,Gold,1
209,Theresa,Miller,kimberly56@example.com,001-738-701-184,Jeremyborough,Canada,2020-05-25,Silver,0
210,Shawn,Powell,greenrichard@example.org,+1-618-945-1848,Hartbury,UK,2023-04-22,Silver,1
211,Katherine,Ali,lmaldonado@example.org,614.516.3356x58,Christophermouth,UK,2021-04-05,Silver,1
212,Charles,Velazquez,nedwards@example.net,723-473-3343x33,North Samanthafort,USA,2020-05-26,Bronze,1
213,Christina,Duran,charlesnathan@example.com,894.972.8463x92,New Michaelburgh,Canada,2023-05-03,Gold,1
214,Stephen,Martinez,astewart@example.org,+1-936-791-5594,Ivanchester,Canada,2023-11-11,Gold,1
215,Jason,Haynes,michael64@example.com,(892)893-1438,East Lauren,Canada,2022-10-21,Platinum,1
216,Joanna,Kennedy,thompsonvictor@example.net,685.974.4890x61,South Julieview,UK,2020-03-22,Platinum,1
217,Michael,Castro,maurice61@example.com,+1-893-699-8245,Welchberg,UK,2021-05-27,Bronze,1
218,Miranda,Davidson,robert99@example.com,812-653-5544,Normanstad,UK,2023-03-24,Bronze,0
219,Julie,Meyer,lgutierrez@example.org,(334)913-2611,North Kellihaven,UK,2021-07-05,Bronze,1
220,Kathy,Miller,christine16@example.com,234.772.2820,Michellemouth,USA,2022-08-21,Platinum,1
221,Theresa,Fernandez,amy28@example.org,001-997-596-884,South Kylechester,USA,2023-04-13,Platinum,1
222,Jordan,Torres,millskatherine@example.org,(547)280-7740x6,Jacobside,Canada,2020-07-05,Platinum,1
223,Samuel,Wright,oclayton@example.com,863-589-4484,East Derrickville,Canada,2021-10-19,Bronze,1
224,Dana,Williamson,jackie73@example.com,4209802144,East Christophertown,Canada,2022-04-23,Platinum,1
225,Tristan,Peterson,kristi75@example.com,001-505-612-046,Claytonville,Canada,2023-01-31,Bronze,1
226,Theresa,Espinoza,cwise@example.org,001-303-671-837,Littleborough,Canada,2021-05-31,Gold,1
227,Michael,Williams,teresayoung@example.com,702-349-1630x09,East Vincent,Canada,2022-11-19,Bronze,1
228,Gina,Morgan,browndeanna@example.net,+1-512-273-5857,Howardberg,UK,2022-08-04,Platinum,1
229,John,Williams,ihansen@example.net,439.928.5574x98,Loriside,UK,2022-01-10,Platinum,1
230,Michael,Smith,bgross@example.net,(693)751-8638x7,Davidsonville,USA,2021-02-20,Gold,1
231,Cole,Hopkins,conleydavid@example.org,617.231.0967,Jeffreyland,Canada,2022-06-16,Platinum,1
232,Alexander,Mccall,fhebert@example.com,+1-305-586-5094,North Jessicaside,UK,2023-05-31,Silver,1
233,Paul,Lee,ashleymeza@example.net,001-786-419-576,Mahoneymouth,Canada,2023-02-02,Bronze,1
234,Andrea,Shea,robert65@example.net,998.836.8457,Lake Austinport,USA,2021-04-05,Bronze,1
235,Caitlin,Holmes,adam33@example.com,2489889921,Ericview,USA,2023-08-19,Silver,1
236,Michael,Perkins,jonathanevans@example.net,(893)315-7279x1,Port Matthewchester,UK,2021-08-20,Gold,1
237,Robert,Parrish,julieatkinson@example.org,+1-460-248-0589,Maddoxshire,Canada,2022-08-25,Silver,1
238,William,Walker,kristie22@example.com,879-408-6416,South Anita,USA,2022-02-24,Silver,0
239,Tony,Pearson,annshea@example.net,831.846.5911,Michaelmouth,UK,2020-10-06,Bronze,1
240,Melvin,Rios,gary59@example.com,+1-427-603-3521,West Heatherville,Canada,2021-11-27,Gold,1
241,Kevin,Ruiz,jason83@example.org,+1-284-687-9206,North Justin,Canada,2021-09-03,Platinum,1
242,Kristina,Williamson,marshallsierra@example.org,(345)410-4636x8,New Tammy,Canada,2023-01-08,Platinum,1
243,Ann,Marquez,wrightalyssa@example.com,862.205.5543x84,Jeremiahmouth,UK,2023-01-17,Platinum,1
244,Penny,Sandoval,blairabigail@example.net,+1-436-539-2649,New Amber,Canada,2021-01-21,Silver,1
245,Lauren,Huffman,haley82@example.com,001-829-825-188,Scottview,USA,2022-04-21,Bronze,1
246,Edwin,Lopez,jackfarmer@example.net,+1-949-499-3933,Josephstad,Canada,2023-12-15,Platinum,1
247,Jack,Hughes,mtaylor@example.org,4609463331,Wattsmouth,UK,2023-08-28,Silver,1
248,Paige,Patterson,franklinmadison@example.net,869-299-8808x17,Blackton,USA,2020-09-15,Gold,1
249,James,Gonzales,kim47@example.org,(449)808-2771x8,Morristown,Canada,2020-07-23,Platinum,1
250,Harold,Garza,nicoledavis@example.com,001-421-811-751,Williamsburgh,USA,2022-04-19,Silver,1
251,Rhonda,Cunningham,fernandothomas@example.net,5642474212,Alexanderfort,Canada,2021-11-24,Platinum,1
252,Melissa,Stephens,franklintrevor@example.org,001-577-667-199,North Jack,Canada,2023-10-13,Platinum,0
253,Brian,Bailey,melissaestrada@example.net,451-901-6224x99,Sarahland,UK,2022-09-26,Bronze,1
254,Kayla,Morris,wwilkins@example.com,+1-814-572-1458,New Brian,USA,2023-07-16,Gold,0
255,Ashley,Krause,webbhaley@example.net,969-954-8995x29,New Jesse,UK,2020-07-04,Platinum,0
256,Kelly,Lee,johnsoncolleen@example.org,001-639-366-055,Kevinside,UK,2023-12-12,Bronze,1
257,Mario,Smith,matthew99@example.org,(435)957-7027,Stevenchester,UK,2021-09-05,Bronze,1
258,Sarah,Brown,annette58@example.net,7398551240,New Catherine,USA,2021-08-23,Gold,1
259,Jacob,Wilson,janet50@example.com,(517)335-7438x4,Hunterfort,USA,2021-05-15,Platinum,1
260,Rebecca,Moore,sandra84@example.com,(318)223-0768,Sarahland,USA,2020-12-14,Silver,1
261,Mathew,Small,meyerdonna@example.com,7949353344,West Edwardview,Canada,2023-06-23,Silver,1
262,Danny,Mullen,clarkmichael@example.com,224-493-2149x58,South Rebeccaton,UK,2020-10-20,Silver,1
263,Daniel,Brown,tmyers@example.net,001-979-454-538,Port Leahmouth,Canada,2022-07-30,Gold,1
264,Colton,Collins,oruiz@example.org,+1-345-762-5577,Murrayburgh,Canada,2021-08-12,Silver,1
265,Justin,Bailey,williamsullivan@example.net,858-514-8769,New Erik,Canada,2023-04-18,Gold,1
266,Timothy,Jones,lisagarza@example.com,001-958-732-197,Port Seanport,Canada,2023-11-14,Gold,1
267,Stephanie,Jones,jenningscandace@example.com,970-513-2902x27,Lake Natalie,Canada,2021-02-11,Platinum,1
268,Kevin,Bauer,samantha65@example.org,001-209-286-240,Danielport,USA,2021-04-30,Platinum,1
269,Michelle,Young,tgarrett@example.com,(466)683-2723x8,East Alexander,UK,2021-08-28,Gold,1
270,Deborah,Thomas,ibarrett@example.org,(867)996-9278,Kellyburgh,UK,2022-03-21,Gold,1
271,Roger,Smith,pbradford@example.net,346.489.5009x75,Stevenland,UK,2020-04-10,Platinum,1
272,Alexandra,Bishop,thomasharmon@example.net,989-949-0580,Berrymouth,Canada,2021-04-16,Gold,1
273,Robert,Yu,keith09@example.net,994-307-9290x49,New Chase,USA,2023-06-25,Gold,1
274,Kristen,King,joshua40@example.net,592-992-7524,Port Alison,UK,2023-09-12,Silver,1
275,Antonio,Riggs,caitlinunderwood@example.com,001-966-837-239,Turnerside,UK,2023-08-16,Bronze,1
276,Jesus,Vega,jwells@example.net,(704)676-5801x8,Leahview,Canada,2020-03-09,Gold,1
277,Destiny,Myers,jessicachapman@example.org,752.558.0010x61,Johnathanton,USA,2021-08-27,Gold,1
278,Andrew,Davis,stephanielittle@example.net,619-626-9212,Guerreroland,USA,2021-02-15,Silver,1
279,Danielle,Livingston,kayla54@example.org,001-514-806-650,Lake Travis,Canada,2022-12-23,Gold,1
280,Douglas,Mack,christinarodriguez@example.com,001-241-201-194,Adamsmouth,Canada,2022-09-13,Gold,1
281,Rebecca,Andrews,zmendoza@example.net,001-218-330-671,Amandamouth,Canada,2020-08-23,Platinum,0
282,Christopher,Stevens,deborah28@example.org,(234)561-5717x3,Priceside,USA,2021-04-07,Platinum,0
283,Dawn,Porter,blevy@example.org,205-406-1387x82,Valdezfort,UK,2022-01-19,Bronze,1
284,Rebecca,Montgomery,jacquelineanderson@example.org,+1-504-317-9291,South Matthew,USA,2021-06-25,Bronze,1
285,Mary,Rojas,rnguyen@example.net,+1-325-630-9251,Port Robert,UK,2023-10-08,Gold,1
286,Heather,Tran,lsanchez@example.org,(219)462-0710,Lake Deniseport,UK,2022-01-30,Bronze,1
287,Robert,Aguirre,nschwartz@example.org,+1-348-676-3290,Robertside,Canada,2020-02-21,Gold,1
288,Joe,Wilson,montgomerymichelle@example.net,237.734.0312x77,Jasonview,USA,2023-08-19,Bronze,1
289,Matthew,Trujillo,vwilliams@example.org,+1-922-707-8113,Gonzalezmouth,Canada,2023-12-06,Gold,1
290,Jerry,Rodriguez,coreyrojas@example.org,(831)779-7062x3,South Jennifer,USA,2020-10-13,Bronze,0
291,Crystal,Cantrell,matthewjohnson@example.net,5426177625,Port Laura,Canada,2022-10-05,Bronze,1
292,Stephanie,Whitehead,christophervincent@example.com,797.874.0633,New Sophia,UK,2020-10-04,Platinum,1
293,Robin,Villanueva,cbaird@example.com,001-280-868-671,East Michael,UK,2023-11-27,Platinum,1
294,John,Duarte,castillokevin@example.net,399.807.7262x57,Alyssaport,UK,2020-11-12,Platinum,1
295,Ronald,Nelson,kristinmiller@example.com,001-408-350-165,East Tina,Canada,2023-06-14,Platinum,0
296,John,Wilson,wmclaughlin@example.net,001-733-955-486,Masonville,Canada,2020-03-08,Gold,1
297,Theodore,Patel,shannon51@example.org,911.462.4112x41,New Stephanie,Canada,2021-04-28,Gold,1
298,Andrew,Butler,thomasfisher@example.net,+1-904-931-0385,Torresberg,UK,2022-01-22,Gold,1
299,Rachel,Parker,jeremy54@example.org,(454)472-9284,East John,Canada,2021-01-23,Bronze,0
300,Blake,Stewart,scottwood@example.org,+1-605-352-5782,South Sarahberg,Canada,2020-07-06,Silver,1
301,Stacie,Reilly,adamrodgers@example.net,347-649-2975x17,South Christinabury,UK,2020-02-13,Bronze,1
302,Sean,Davis,franklinjames@example.net,843.501.8718,Stewarthaven,USA,2020-09-14,Silver,1
303,Sherry,Kerr,raymond65@example.com,(904)655-4781x3,Port Jessica,UK,2021-02-28,Silver,1
304,Rachael,Chandler,ltaylor@example.net,823-347-8519,South Danielleview,USA,2021-11-03,Silver,1
305,Robert,Peters,jamescollier@example.com,+1-570-249-4787,East Josefort,UK,2020-01-06,Gold,1
306,David,Wade,robert73@example.org,847-619-5979,Mccannville,USA,2020-09-23,Gold,1
307,Nathaniel,Quinn,brucefrancisco@example.org,(857)725-2045,West Kellyland,USA,2023-09-15,Bronze,1
308,Willie,Miranda,kathygeorge@example.org,+1-755-444-5189,East Aprilstad,Canada,2021-05-02,Gold,1
309,Kimberly,Jenkins,curtismoore@example.org,389.388.8167,North Timothy,Canada,2020-04-17,Silver,1
310,Larry,Cox,mpreston@example.net,001-352-840-132,North Andrewfort,UK,2020-08-20,Bronze,1
311,Katherine,Williams,harrisonrebekah@example.org,440-711-9393,North Dustinview,Canada,2022-11-17,Bronze,1
312,Stacy,Bailey,melissanorman@example.net,589.611.9083,Port Amanda,USA,2023-06-13,Bronze,1
313,Teresa,Garcia,samanthayork@example.com,(892)371-2566x3,Davidville,UK,2022-12-03,Gold,1
314,April,Simpson,janet80@example.org,571-364-7947x38,Crosbystad,USA,2020-05-04,Platinum,1
315,Harry,Lutz,zpowers@example.com,811.326.6912x15,Port Roger,Canada,2023-11-06,Bronze,1
316,Victor,Hubbard,katelyn65@example.com,+1-496-278-4271,Lake Brianland,Canada,2020-05-30,Bronze,1
317,Tyrone,Johnson,patrickshelton@example.org,699-711-8773x47,Port Anthonychester,USA,2020-05-14,Silver,1
318,Nicole,Wilson,yedwards@example.com,900.328.4276x24,Kellerside,UK,2023-04-13,Gold,1
319,Ashley,Alvarez,williammyers@example.com,001-269-454-500,Michaelshire,UK,2022-12-22,Gold,1
320,Anthony,Vance,oscar65@example.com,(250)733-3491x1,South Dianechester,UK,2022-05-31,Bronze,1
321,Ashley,Valenzuela,andrew79@example.org,469-665-9171x35,Taraborough,USA,2023-09-02,Silver,1
322,Tyler,Boone,pittmanamanda@example.com,604-396-3919x19,Simmonsstad,USA,2022-04-27,Gold,1
323,Laura,Pearson,william46@example.net,+1-453-266-4987,New Victor,Canada,2022-05-01,Bronze,1
324,Donna,Holloway,oadams@example.net,+1-869-808-3572,Michelleland,Canada,2023-09-24,Gold,1
325,Cynthia,Singleton,madison24@example.net,+1-836-831-2303,East Erikberg,USA,2023-11-07,Platinum,1
326,Anthony,Clarke,donna20@example.net,500.315.9416x51,New Elizabethshire,USA,2020-07-09,Platinum,1
327,Stephanie,Huynh,tyler13@example.net,355-496-3632,West Scott,UK,2022-02-02,Silver,1
328,Jonathan,Lawrence,sferguson@example.org,286-573-4257x54,Angelaport,UK,2023-02-24,Gold,1
329,Danielle,Haynes,nicholsjoel@example.com,(206)644-1343x2,Port Kimberlyfort,Canada,2021-12-25,Platinum,1
330,Thomas,Gutierrez,jennifer12@example.net,981-456-9857x00,South Jamesport,UK,2020-04-15,Gold,1
331,Lee,Miller,johnreeves@example.net,001-329-865-772,Hunterfurt,Canada,2020-07-31,Silver,1
332,Shirley,Wilkerson,andrewjohnson@example.net,+1-693-417-3420,West Georgeshire,Canada,2021-04-04,Bronze,1
333,David,Higgins,dayala@example.net,513.633.4476x26,South Henry,UK,2022-01-22,Bronze,1
334,Laura,Johnson,joe73@example.com,001-871-807-256,Charlesside,UK,2021-04-08,Platinum,1
335,Brian,Cook,thomasgomez@example.net,+1-490-604-8964,New Trevor,UK,2023-06-10,Bronze,1
336,Matthew,Mcdonald,stewartalyssa@example.org,615-702-7456x44,Staffordmouth,UK,2023-11-21,Gold,1
337,Jillian,Henry,angelalivingston@example.net,803.320.3207x42,Williamsstad,Canada,2023-12-10,Gold,0
338,Vanessa,Hoffman,uvasquez@example.org,551-234-2284,South Samantha,Canada,2020-01-13,Silver,1
339,John,Jimenez,clayanthony@example.net,+1-216-759-1520,Lake Cindymouth,UK,2023-09-08,Platinum,1
340,Mark,Dennis,jasonwilliams@example.net,350-218-9616x42,East Paul,UK,2023-07-20,Bronze,1
341,Richard,Holland,davidhenry@example.com,001-649-825-158,Port Robertostad,UK,2021-03-16,Platinum,1
342,Christina,Hamilton,prhodes@example.net,001-427-488-147,Mckenziehaven,Canada,2020-11-18,Gold,1
343,Ronald,Carroll,lowerywilliam@example.net,(461)479-4549x1,Williamschester,Canada,2023-03-08,Bronze,1
344,Nancy,Evans,ctodd@example.net,252-832-1941x68,North Georgefort,USA,2020-11-18,Bronze,1
345,Steve,Sullivan,nturner@example.com,001-564-912-203,Lake John,Canada,2022-06-26,Platinum,1
346,Megan,Garrison,christophercarrillo@example.org,560.612.2777x07,Williamstown,Canada,2022-04-28,Gold,1
347,Curtis,Abbott,fpetty@example.net,001-998-540-767,New Andrewshire,UK,2020-08-21,Gold,1
348,Leslie,Brown,hsmall@example.com,+1-557-760-2437,Andersonport,Canada,2023-10-20,Platinum,1
349,Jennifer,Myers,rwhitaker@example.net,001-957-329-341,Hahnfort,Canada,2020-04-03,Silver,1
350,Kevin,Clark,kiddmichael@example.com,(522)980-1561x9,Victoriastad,UK,2020-04-22,Bronze,1
351,Kayla,Carrillo,paula89@example.net,207-371-1991,Lake David,USA,2020-10-08,Gold,1
352,Jamie,Ward,jean87@example.net,225-552-1376,Petersonhaven,USA,2020-01-16,Platinum,1
353,George,Adams,qward@example.org,(786)232-6667,Thomastown,USA,2020-09-21,Platinum,1
354,Jennifer,Holmes,millerleroy@example.org,(706)202-9084x6,Rachelberg,USA,2022-10-21,Gold,1
355,Isabella,Griffin,paigeweber@example.net,+1-675-563-4108,New Andreahaven,UK,2020-03-27,Platinum,1
356,Matthew,Reid,johnsonlaura@example.net,234-368-1054x85,Evanstown,USA,2021-10-03,Platinum,1
357,Shawn,Bird,michaelmitchell@example.net,001-526-783-158,Garciachester,UK,2023-08-04,Platinum,1
358,Maria,Miller,colemandavid@example.org,815.986.9886x49,Dennischester,Canada,2020-02-12,Gold,1
359,Madison,Thomas,toddellis@example.net,381.737.7028x51,Billyberg,UK,2022-07-31,Gold,1
360,David,Torres,kevin70@example.org,(296)304-4327,Carloston,USA,2021-05-13,Platinum,1
361,Robert,Berry,ymccullough@example.com,892.828.7772x51,South Matthew,UK,2020-06-10,Platinum,1
362,Brandon,Santiago,pfitzgerald@example.org,(209)548-1813,Shawtown,UK,2021-11-26,Silver,1
363,David,Mayer,suzannehill@example.org,297.918.9569,West Samuelchester,USA,2020-06-05,Bronze,1
364,Andrew,Rice,hscott@example.org,+1-824-422-4124,New Susanburgh,USA,2021-12-16,Gold,1
365,Anthony,Brown,jgarcia@example.com,346-610-3399x37,West Stevenchester,UK,2020-10-29,Silver,1
366,Cameron,Johnson,robinsmith@example.net,001-313-582-496,West Amber,Canada,2021-02-08,Silver,1
367,Gary,Sanchez,jali@example.com,6076942007,Kiddborough,UK,2020-06-03,Silver,0
368,Brenda,Dixon,martinamanda@example.org,616-912-8463x98,Johnmouth,UK,2022-10-08,Platinum,1
369,Matthew,Stevens,allen20@example.net,900.326.8768x11,Teresafurt,UK,2022-07-08,Gold,1
370,Maria,Howard,marycain@example.org,775-537-0304,Port Christinaport,UK,2021-10-09,Silver,1
371,Lindsey,Walker,ccoffey@example.com,593.403.6149x87,New Davidland,Canada,2022-06-24,Gold,1
372,David,Mahoney,nicoledaniel@example.com,208.794.8706,Richardchester,UK,2020-04-25,Gold,1
373,Joshua,Frazier,hsimpson@example.org,001-230-546-875,Rosariobury,Canada,2022-08-03,Platinum,1
374,James,Murphy,garrettcolin@example.com,(309)954-3173x5,Lake Seanville,Canada,2021-08-10,Bronze,1
375,Christopher,Brown,bennettpamela@example.net,320-270-4961,West Melissafurt,USA,2023-06-13,Platinum,1
376,Cody,Walton,michellecobb@example.net,2769769915,Brianaville,UK,2020-03-25,Platinum,1
377,Curtis,Larson,watkinsmary@example.net,(584)456-7972,North Davidshire,UK,2023-08-27,Silver,1
378,Ryan,Moyer,larry82@example.org,249.854.5089x20,Jamesborough,Canada,2022-10-23,Silver,0
379,Danielle,Harris,petersonelizabeth@example.net,001-379-959-959,South Jeffreytown,Canada,2020-07-30,Gold,0
380,Danielle,Steele,phanson@example.com,001-356-436-205,Scottshire,USA,2022-10-30,Silver,1
381,Roberta,Ward,gonzalezjustin@example.org,425-883-2302x41,West Sharonport,UK,2022-06-15,Platinum,1
382,Stephen,Wood,donna89@example.com,001-811-522-338,Port Christinaborough,UK,2020-11-21,Gold,1
383,Melissa,Phillips,markbrown@example.com,(489)873-1791,Victormouth,Canada,2022-03-04,Platinum,1
384,Harold,Marquez,fbaldwin@example.com,696-890-3337x36,Duncanstad,UK,2023-05-09,Bronze,1
385,Jonathan,Miller,phillipsapril@example.org,001-807-889-567,Lindamouth,UK,2021-11-16,Bronze,1
386,Joshua,Johnson,phall@example.org,(714)288-8143x1,West James,UK,2023-10-21,Platinum,1
387,Mark,Turner,james92@example.net,001-484-804-456,East Jennifer,UK,2023-09-06,Silver,1
388,Jason,Hall,dsharp@example.com,253-766-3778,New Morgan,UK,2023-09-21,Silver,1
389,Kevin,Rojas,wcochran@example.com,266.468.4590,West Ashley,Canada,2023-09-05,Platinum,1
390,Lauren,Mcintyre,nbaird@example.com,686-337-1597,North Emily,UK,2020-06-22,Gold,1
391,Gregory,Serrano,mjohnson@example.org,(743)834-8170x5,Mooreville,UK,2021-11-03,Silver,1
392,David,Barnes,pricerebecca@example.org,(534)967-2994,Jamesberg,UK,2023-11-04,Bronze,1
393,Sean,Summers,aliciakent@example.com,879.501.4754x69,New Jessica,Canada,2022-11-07,Gold,1
394,Stephen,Bartlett,hollydavis@example.net,8323484137,Charlesville,Canada,2021-01-04,Silver,1
395,William,Chan,qhayes@example.org,307.401.7656x36,Ellenmouth,Canada,2021-01-28,Silver,0
396,Todd,Jones,jenniferkim@example.com,322-209-1241x86,Ericstad,USA,2020-06-07,Gold,1
397,Gregory,Klein,scottwilliams@example.net,516.347.0900x63,South Anthonytown,USA,2022-11-05,Bronze,1
398,Matthew,Lee,walkernicole@example.net,(520)568-1558,Mcmillanville,UK,2020-09-25,Platinum,1
399,Jesse,Rodriguez,glenn65@example.org,(937)331-4950x1,West Susan,USA,2023-11-19,Silver,1
400,Carol,Jarvis,xgregory@example.net,(952)857-1509,New Briana,USA,2022-04-21,Gold,1
401,Vanessa,Hall,parkerjoann@example.org,+1-510-925-7432,Dennismouth,USA,2022-06-28,Gold,1
402,Dawn,Hodges,swong@example.org,855.733.8033,South Crystal,Canada,2021-04-24,Silver,1
403,Calvin,Vasquez,brettbraun@example.org,(812)998-3381,Frankborough,Canada,2021-02-01,Gold,1
404,John,Thompson,kevinray@example.net,947.815.6627,Wolffort,UK,2022-06-21,Platinum,1
405,Andrew,James,blakesandra@example.net,+1-628-824-6747,Jonesberg,Canada,2022-10-26,Platinum,0
406,Jennifer,Gonzalez,adamhensley@example.net,001-257-366-656,Frederickburgh,USA,2023-05-23,Silver,1
407,James,Graham,kelsey58@example.net,950.466.3370x50,Johnshire,USA,2023-08-06,Platinum,1
408,Stephanie,Skinner,wilsonchristopher@example.net,(869)618-3626x4,Goodwinland,UK,2020-07-29,Bronze,1
409,Daniel,Armstrong,lisa43@example.net,(440)427-0116x8,Jacobberg,USA,2021-07-12,Platinum,1
410,James,White,hayeslisa@example.org,402.334.6791,Christopherville,USA,2022-06-14,Bronze,0
411,Joshua,Peterson,timothychambers@example.org,2048090138,Sarahfort,USA,2022-07-12,Gold,0
412,Katherine,Munoz,nathan55@example.org,(266)390-5510x7,Stephaniebury,Canada,2020-04-19,Platinum,1
413,Miguel,Montgomery,qrobertson@example.org,9508505739,West Ronniefort,USA,2022-03-01,Bronze,1
414,Valerie,Vincent,navarrokelly@example.org,001-428-998-027,South Elainebury,USA,2021-10-14,Bronze,1
415,John,Jackson,garciavictoria@example.org,(956)343-4712,Monicashire,UK,2021-11-17,Silver,1
416,Katie,Burke,nicholas68@example.com,534.314.1115,Davidmouth,Canada,2022-08-25,Silver,1
417,Stephanie,Ray,collinsbrittany@example.org,(965)752-8993x1,Port Sherri,Canada,2022-07-07,Bronze,1
418,Mary,Porter,shernandez@example.org,001-809-254-814,Ericborough,USA,2021-06-08,Silver,1
419,Melanie,Michael,isabellawilliams@example.org,364.620.8656x75,Heatherborough,UK,2023-05-31,Platinum,1
420,Jacqueline,Kelley,andersonkaren@example.net,4475292774,Port Kaitlin,Canada,2021-05-01,Gold,1
421,Jill,Smith,gregoryvanessa@example.org,(862)401-5720x1,Sanchezville,USA,2022-05-09,Platinum,1
422,John,Burns,denisebennett@example.net,+1-517-264-7501,Hillville,Canada,2023-05-07,Bronze,1
423,Laura,White,scooke@example.com,992-315-1826x06,Port Karenville,UK,2021-05-10,Silver,1
424,Henry,George,adamwest@example.com,202-393-2184,New Kennethside,USA,2023-06-13,Gold,1
425,George,Rowland,wrightbrandon@example.net,387-229-7585x98,North Jacob,Canada,2021-01-18,Bronze,1
426,Kevin,Wall,carrierobinson@example.com,329-661-8446x26,Bentleyberg,Canada,2020-05-18,Bronze,1
427,Amanda,Jones,wanda35@example.net,+1-389-326-2566,Jonesland,Canada,2020-03-30,Platinum,0
428,Michael,Cook,dustin34@example.org,963-361-1284,Jackieport,Canada,2020-02-03,Gold,1
429,Andrea,Lawson,jacksonstacey@example.com,(658)289-6792,Lake David,Canada,2021-05-08,Bronze,1
430,Nicholas,Moss,sellersdanielle@example.com,001-839-567-275,Cynthialand,UK,2021-11-11,Silver,1
431,Stacey,Russell,megan11@example.net,212.890.1487,South Tyler,UK,2021-11-24,Silver,1
432,Gina,Rhodes,sullivanchristina@example.net,9684538909,East Charles,UK,2022-08-09,Platinum,1
433,Mary,Palmer,hendersonnicholas@example.com,653-581-4474,Lake Crystalfurt,USA,2020-05-09,Platinum,1
434,Jeff,Torres,wallspatricia@example.com,2507975451,South Michael,USA,2020-03-30,Silver,1
435,Craig,Vasquez,ricerachel@example.com,670-724-3765,Mcclainside,Canada,2021-09-27,Platinum,0
436,Lisa,Rodriguez,cdouglas@example.org,(256)405-3134,Fishermouth,UK,2022-08-27,Gold,1
437,Rachel,Martin,stacymoyer@example.com,867-487-2568,North Lauraberg,UK,2021-01-26,Gold,1
438,Eric,Porter,brettgallegos@example.com,+1-406-574-4716,Katieview,USA,2023-09-04,Gold,1
439,Virginia,Wright,tgonzalez@example.org,001-689-523-923,South Andres,Canada,2022-06-13,Platinum,1
440,James,Lin,trussell@example.net,+1-733-656-7086,Jenniferbury,Canada,2021-11-25,Silver,1
441,Luis,Williams,smithdonna@example.com,947.749.1624,Kevinville,Canada,2022-01-22,Gold,1
442,Elizabeth,Vega,markfigueroa@example.com,001-398-295-343,East Janet,UK,2022-05-19,Bronze,1
443,Sara,Jones,kevin73@example.net,001-820-323-684,Barneshaven,USA,2023-01-22,Gold,1
444,Krystal,Jackson,heather24@example.org,001-903-867-881,Moralesview,USA,2021-11-02,Gold,1
445,Jamie,Smith,brittanysmith@example.net,288.544.3448x12,Benjaminberg,UK,2022-05-22,Silver,1
446,Sheri,Ramirez,josephgibbs@example.net,338.610.5955,South Rachel,Canada,2022-07-04,Bronze,1
447,Kenneth,Galloway,hollowayjeffrey@example.com,(540)989-1649,West Joseph,Canada,2023-06-13,Platinum,1
448,Bonnie,Morton,omoore@example.net,001-965-427-172,Andrewburgh,USA,2020-06-02,Platinum,1
449,Nicole,Roth,chadjones@example.org,261.282.0916x60,East Kayla,UK,2023-10-23,Silver,0
450,Joseph,Mays,sparksalbert@example.org,+1-651-732-7972,Mooreton,USA,2023-05-29,Platinum,1
451,Amy,Adams,smithbradley@example.net,618-562-0303x66,Mcdanielville,USA,2021-04-28,Gold,1
452,Travis,Ewing,cristiansosa@example.com,495-815-1092,Carolchester,UK,2020-03-07,Silver,1
453,Edward,Contreras,colleen45@example.org,975-341-0225x26,New Ronaldview,Canada,2022-01-31,Platinum,1
454,Duane,Morris,huntercruz@example.com,967.569.5236x68,Millerchester,UK,2020-10-08,Gold,1
455,Alison,Frank,jacquelineyoung@example.org,705.487.2105,Stevenside,UK,2021-07-24,Silver,0
456,Teresa,Durham,jasonwalker@example.net,(312)960-6501,North Dylan,USA,2021-01-16,Platinum,1
457,Donald,Sanchez,carrolllisa@example.org,001-227-228-476,New Ethan,UK,2020-08-29,Gold,1
458,Randy,Henderson,qspencer@example.net,543.862.4186x23,Port Julie,UK,2022-07-02,Silver,0
459,Anita,Skinner,pwoods@example.net,(762)205-6341x1,West Francisco,Canada,2023-11-22,Platinum,1
460,Daniel,Lewis,avilakyle@example.net,903.241.9909,West Christopherport,USA,2020-05-31,Platinum,1
461,Alan,Kelly,susan83@example.com,001-965-221-568,Evanmouth,UK,2022-06-30,Bronze,1
462,Christian,Garrett,nicoleaguirre@example.net,(728)689-8572,Cindychester,Canada,2023-09-29,Gold,1
463,Billy,Marquez,nallen@example.net,329-971-0248,South Leeport,UK,2023-01-15,Gold,1
464,Evan,Ramirez,michael12@example.net,001-874-474-721,Richardsonmouth,USA,2023-12-28,Silver,1
465,Nathaniel,Fleming,rbaker@example.org,+1-303-580-2146,Sawyerland,UK,2021-04-04,Bronze,0
466,Michael,Mcdonald,lrodriguez@example.net,966-536-5155,Wilsonmouth,USA,2021-04-29,Platinum,1
467,Benjamin,Moore,nthomas@example.com,001-209-560-567,Port Gabrielaview,UK,2023-03-18,Gold,1
468,Johnny,Thompson,chadsullivan@example.com,001-476-583-420,Sherifort,UK,2020-09-22,Bronze,1
469,Thomas,Barker,tammykim@example.net,001-460-789-319,Alexismouth,Canada,2022-09-07,Platinum,1
470,Sarah,Porter,daniel64@example.net,001-807-527-910,Jasonborough,UK,2020-05-31,Silver,0
471,Teresa,Ray,woodmichael@example.com,381-477-6655x86,Pattersonburgh,UK,2020-05-31,Platinum,1
472,Angela,Martin,qjames@example.net,+1-364-991-1110,Lake Kellychester,UK,2021-12-06,Silver,1
473,Jason,Frank,ewilson@example.org,(876)560-5384x4,South Antoniotown,UK,2023-08-03,Silver,1
474,Eric,Brooks,matthew96@example.org,+1-863-496-0962,Stronghaven,USA,2022-06-05,Bronze,1
475,Eric,Hall,williamwelch@example.com,001-348-825-311,Lake Jessicamouth,UK,2020-11-09,Gold,1
476,Cynthia,Strickland,johnhurst@example.com,283.364.0412,South Saraville,Canada,2023-12-23,Silver,1
477,Daniel,Campbell,christophersnyder@example.com,561.870.6171,Prestonmouth,UK,2021-08-04,Bronze,1
478,Lindsey,White,bergerdonna@example.net,+1-601-355-7998,New Anthony,UK,2023-02-02,Gold,1
479,Andrew,Hunt,javierdiaz@example.org,5523312447,Jeanport,Canada,2023-06-12,Bronze,1
480,Stuart,Lamb,zhunt@example.org,823-946-1994x23,Carlsonview,USA,2023-04-27,Silver,1
481,Lisa,Dean,kpatterson@example.com,(717)820-8496x4,North Hectormouth,UK,2023-05-24,Gold,1
482,Ruben,Lopez,charlessandoval@example.com,(751)505-0537,South Justinborough,UK,2020-03-25,Bronze,1
483,Alison,Garcia,jennifer19@example.net,(965)453-3077x0,Brittanybury,UK,2023-03-27,Gold,1
484,Barbara,Mitchell,buckjustin@example.com,8886050171,Loganstad,UK,2022-05-03,Bronze,1
485,Richard,Hawkins,troy06@example.com,001-377-715-910,Perezland,UK,2023-01-22,Gold,1
486,James,Barrera,lisa80@example.net,8406104145,East Brandy,Canada,2022-09-16,Silver,1
487,David,Flores,karenbarron@example.com,+1-371-688-3977,Jenniferstad,UK,2022-04-11,Gold,1
488,Angelica,Salas,heatherjones@example.com,7305376371,Kathleenport,UK,2020-05-02,Silver,1
489,Jeanette,Rios,sloanjeffery@example.com,(379)483-6314x6,Walterville,Canada,2022-08-09,Silver,1
490,John,Shannon,josephalvarez@example.net,854.718.1563x26,South Josephville,USA,2021-10-02,Gold,1
491,Brandon,Reyes,mlee@example.com,(294)589-7861,East Dariuston,Canada,2022-03-27,Silver,1
492,Barbara,Allen,hillnicole@example.net,001-666-661-347,North Jacksonfort,UK,2023-02-24,Bronze,1
493,Jocelyn,Phelps,georgemaldonado@example.org,(457)620-7650,East Erintown,Canada,2020-09-07,Gold,1
494,Brooke,Montes,freemanjohn@example.org,3093438822,Lindamouth,USA,2020-07-17,Bronze,1
495,Shaun,Navarro,elizabeth45@example.com,2544589714,Chaseberg,Canada,2023-06-14,Platinum,1
496,Michael,Johnson,vhoward@example.org,761.748.7824,Lawrenceview,USA,2021-11-01,Gold,1
497,Kyle,Williams,mary16@example.com,001-654-410-727,Tommyland,USA,2022-10-17,Platinum,1
498,Lauren,Smith,robinsonmargaret@example.org,4747065004,Kristenhaven,Canada,2022-10-15,Bronze,1
499,Elizabeth,Mack,stephaniereeves@example.org,001-836-391-430,Samanthaport,Canada,2022-11-01,Platinum,0
500,Glen,Graham,linda23@example.com,(968)434-4149,Pattonchester,USA,2023-04-09,Gold,1
